country,1981,1982,1983,1984,1985,1986,1987,1988,1989,1990,1991,1992,1993,1994,1995,1996,1997,1998,1999,2000,2001,2002,2003,2004,2005,2006,2007,2008,2009,2010,2011,2012,2013,2014,2015,2016,2017
Afghanistan,1.0140646976090013,0.9805825242718448,1.055162659123055,1.014745308310992,1.0171730515191546,0.9259740259740259,1.0603085553997194,0.9841269841269844,1.008064516129032,1.0079999999999998,0.9034391534391535,0.6925329428989752,0.9936575052854123,0.9936170212765959,0.8822269807280513,0.8762135922330098,0.8919667590027701,0.9316770186335404,1.0,1.04,1.5961538461538463,1.1144578313253013,1.135135135135135,0.8968253968253967,1.0442477876106195,1.0796610169491525,1.1742543171114599,0.7245989304812834,1.4317343173431731,0.9677835051546392,0.7922769640479361,1.1932773109243697,1.1323943661971831,1.11318407960199,1.1050279329608939,1.0364004044489383,1.024390243902439
Albania,1.0339157245632065,1.0248508946322068,1.0239249919172324,1.0233659614777393,1.0228324591175562,1.015082956259427,1.1824665676077266,0.9331490324202061,1.035820091570159,0.7332293291731669,1.2351063829787234,0.9150157909847831,1.029494822717289,1.137762877171594,1.1149209750870612,1.362085535800096,0.8781090139354384,0.9787063077541182,1.0736863711001643,0.8694322309309883,0.7737467018469657,0.9880647911338448,1.4716709807305148,1.0574555403556773,0.9829975974866013,0.9308140627937583,0.5574631387598464,1.3619565217391305,1.383612662942272,1.4752932128436835,0.5260002606542422,1.1707135777998015,1.4728042328042328,0.6791205632993247,1.2412187896741431,1.2165018752130923,0.6278026905829597
Algeria,1.4596774193548387,1.30939226519337,0.4915611814345992,2.2145922746781115,1.2383720930232558,0.3865414710485133,1.9878542510121457,0.3686354378818737,1.4530386740331493,0.5095057034220533,2.1641791044776117,0.6793103448275862,1.7715736040609136,0.46991404011461313,1.1646341463414636,0.7015706806282723,0.5522388059701493,2.878378378378378,0.943661971830986,0.26368159203980096,1.2830188679245285,0.8235294117647058,4.678571428571429,0.9465648854961831,2.2137096774193545,0.39344262295081983,1.0370370370370368,1.25,1.082142857142857,0.5676567656765676,2.889534883720931,1.2394366197183095,0.5308441558441559,0.7675840978593272,0.5737051792828686,0.49305555555555547,0.7746478873239437
American Samoa,0.0,0.0,0.0,0.0,0.0,0.0,0.0,0.0,0.0,0.0,0.0,0.0,0.0,0.0,0.0,0.0,0.0,0.0,0.0,0.0,0.0,0.0,0.0,0.0,0.0,0.0,0.0,0.0,0.0,0.0,0.0,0.0,0.0,0.0,0.0,0.0,0.0
Angola,1.0,1.1320754716981132,1.0,1.0,1.0,1.1,1.0,1.0,1.0106060606060605,1.0764617691154421,0.9958217270194986,1.1636363636363638,1.0588942307692306,1.0056753688989784,1.0056433408577878,1.028058361391695,0.945414847161572,1.2113163972286376,0.8436606291706386,1.0203389830508476,1.1151716500553708,1.1241310824230388,1.085689045936396,1.4100895036615133,1.2677437968840162,1.200728265817023,0.9370735405610311,1.2552588996763756,0.9871092491137609,1.196865817825661,1.0821058374249863,0.9412654398790017,1.2637921799678624,1.0652680652680657,1.01034414163517,1.1640086631226623,1.3152909336941812
Antarctica,0.0,0.0,0.0,0.0,0.0,0.0,0.0,0.0,0.0,0.0,0.0,0.0,0.0,0.0,0.0,0.0,0.0,0.0,0.0,0.0,0.0,0.0,0.0,0.0,0.0,0.0,0.0,0.0,0.0,0.0,0.0,0.0,0.0,0.0,0.0,0.0,0.0
Antigua and Barbuda,0.0,0.0,0.0,0.0,0.0,0.0,0.0,0.0,0.0,0.0,0.0,0.0,0.0,0.0,0.0,0.0,0.0,0.0,0.0,0.0,0.0,0.0,0.0,0.0,0.0,0.0,0.0,0.0,0.0,0.0,0.0,0.0,0.0,0.0,0.0,0.0,0.0
Argentina,0.9465341985872623,1.1459167576750395,0.9798803409752741,1.1107148646458096,0.9992216384510604,1.0174780915287245,1.0394277238145369,0.6897297794963861,0.8633117533204299,1.3758793969849246,0.9079620160701243,1.193761990222167,1.2300673924313117,1.1466200269723532,0.9807770059175948,0.8631764353170439,1.2236790691616375,0.9452190881674649,0.8152096392778051,1.3429413389814897,1.2779606391003224,0.9755587154240335,0.9481051647324129,0.9089485134155184,1.1157773806484554,1.1546447774854136,0.8130341086423423,0.9654510556621881,1.1011076398750355,1.0158484509787062,1.1687919652429049,0.93992131115885,1.1017976373908578,0.992355025172478,0.9347284855317549,0.970877201799131,1.0753144572700448
Australia,1.0848342666868473,0.9739100104638995,0.88897643435284,0.9970993473531545,1.1255757575757577,1.0605212147318543,0.9384646628757107,1.0178172112818293,1.0709425939050319,0.9765071801998543,1.113648685280564,0.9653745512079354,1.0812531517902166,0.9830350376027519,0.9753291424504802,1.0062629210750336,1.069732310109372,0.9414223577924646,1.0583823352934116,0.9822552298883157,1.0242987417753664,0.9746999492872034,1.0259567580067062,0.9999436524483011,1.069874901386228,1.036395238596861,0.9221934237942776,0.903008927587347,0.8848407176858294,1.1227670873853368,1.1546163769273297,0.9056182166418388,1.2494418987193043,1.0273180364867407,0.7749553755320611,1.106957240727616,1.0424158352451582
Austria,1.0525530216251866,1.0024733700491377,0.9903283110730968,0.9681437682699974,1.069480185280494,1.0080205325633622,0.8356779121578612,1.3766233766233766,0.987412161788303,0.9066431313216217,1.0002472264285052,1.107794976364816,1.052515618027666,0.969686531174647,1.0548708840005465,0.924202782167189,1.0535639207332455,1.0297967436415876,1.0864420791567635,1.024254529890141,0.9736267818173377,0.991082073537126,0.8377923202771631,1.1121704669461834,1.0119035323280314,1.0016841460613948,1.052834033881034,1.0339471073580295,1.0617569970981935,0.9154746423927178,0.9060092449922957,1.2546502976190477,0.9629990469130573,0.968681270343978,0.9197166469893744,1.0727263750370295,0.9647213144934876
Bahrain,0.0,0.0,0.0,0.0,0.0,0.0,0.0,0.0,0.0,0.0,0.0,0.0,0.0,0.0,0.0,0.0,0.0,0.0,0.0,0.0,0.0,0.0,0.0,0.0,0.0,0.0,0.0,0.0,0.0,0.0,0.0,0.0,0.0,0.0,0.0,0.0,0.0
Bangladesh,0.8368,1.2657743785850861,1.0,1.3549848942598186,0.8238573021181718,0.6089309878213802,1.1377777777777778,1.3046874999999998,1.3637724550898205,0.960482985729967,0.9485714285714285,0.9493975903614458,0.7639593908629442,1.3936877076411962,0.7199046483909415,1.2119205298013245,0.9726775956284154,1.2022471910112358,0.9637850467289719,1.135757575757576,1.0490928495197438,1.0732451678535095,1.056872037914692,1.0887892376681614,1.0543657331136738,1.07421875,0.5396363636363636,1.2681940700808625,0.46652497343251864,1.785876993166287,1.1709183673469388,0.8932461873638343,1.1512195121951219,0.6599576271186441,0.9646869983948635,1.6938435940099834,1.0206286836935166
Barbados,0.0,0.0,0.0,0.0,0.0,0.0,0.0,0.0,0.0,0.0,0.0,0.0,0.0,0.0,0.0,0.0,0.0,0.0,0.0,0.0,0.0,0.0,0.0,0.0,0.0,0.0,0.0,0.0,0.0,0.0,0.0,0.0,0.0,0.0,0.0,0.0,0.0
Belgium,1.1681574239713777,0.8790199081163859,0.9390243902439026,1.051948051948052,1.022927689594356,1.3655172413793104,1.1742424242424243,0.9870967741935484,0.9901960784313726,1.0847084708470847,1.0476673427991885,1.1684414327202326,0.9328914664457331,1.087921847246892,1.124081632653061,0.9339143064633263,0.933864696734059,1.1566759648611518,1.1079036217434184,1.1637426900584795,1.1278615298715802,0.9990099009900989,0.9256689791873143,1.2103854389721627,1.1211853162317558,1.3648915187376724,1.1635838150289017,1.1920019870839544,1.1642008751823298,1.0715947735815283,1.0,1.1444797060297311,0.9550496205487448,0.9110635696821519,1.187185508218718,1.0114439107092401,1.0374353960050287
Belize,1.0,1.0,1.0,1.0,1.0,1.0,1.0,1.0,1.0,1.0,1.0,1.0,1.0,1.0,2.0,1.25,1.0799999999999998,0.9722222222222222,1.0952380952380953,0.9565217391304347,0.9636363636363636,0.9905660377358491,0.7333333333333334,1.051948051948052,1.0246913580246915,2.36144578313253,0.9948979591836735,1.123076923076923,0.9269406392694065,1.6798029556650247,0.9941348973607038,0.8908554572271385,1.1125827814569538,1.050595238095238,1.011331444759207,1.053221288515406,1.0319148936170213
Benin,0.0,0.0,0.0,0.0,0.0,0.0,0.0,0.0,0.0,0.0,0.0,0.0,0.0,0.0,0.0,0.0017,1.0,1.0,1.0,1.1764705882352942,1.0,1.0,1.0,0.5,1.0,5.0,0.8,1.0,0.5,1.0,1.0,1.0,1.5,1.0,0.6666666666666666,2.5500000000000003,0.19607843137254902
Bermuda,0.0,0.0,0.0,0.0,0.0,0.0,0.0,0.0,0.0,0.0,0.0,0.0,0.0,0.0,0.0,0.0,0.0,0.0,0.0,0.0,0.0,0.0,0.0,0.0,0.0,0.0,0.0,0.0,0.0,0.0,0.0,0.0,0.0,0.0,0.0,0.0,0.0
Bhutan,1.1666666666666665,1.142857142857143,1.0,1.0,1.0,37.5,3.893333333333333,1.3090753424657535,1.0,1.0078482668410726,1.0103828682673588,1.0301862556197818,1.0,1.0336658354114712,1.0343787696019302,1.0798833819241982,0.9827213822894169,0.9796703296703296,0.9994391475042064,1.005611672278339,1.0719866071428572,1.133784487246226,1.1487603305785123,0.9308553157474022,1.124946328896522,1.7076335877862596,1.4514975413500222,1.0611333538651062,1.005369322304455,1.0471997690531178,0.9614059269469332,0.9670250896057349,1.1165307635285397,0.9494091090160668,1.081258741258741,1.0191437071530203,0.9709353978931338
Bolivia,1.0457399103139013,1.042024013722127,0.9860082304526748,1.0141903171953257,0.9736625514403292,0.9847844463229078,0.9991416309012875,1.1134020618556701,0.9915123456790123,0.9898832684824903,1.1069182389937107,0.9786931818181818,1.0188679245283019,0.9836182336182336,0.9522085445329471,1.1346007604562738,1.0757372654155495,0.9644859813084112,1.1802325581395348,1.0985221674876848,1.0772296960637766,1.0337650323774283,0.9042505592841164,1.0801583374567048,0.9166284928996792,1.0969515242378811,1.0742596810933942,1.0106022052586938,1.0037767519932856,0.951505016722408,1.0733743409490335,0.9979533360622186,1.1074651353568499,0.8944444444444444,1.0890269151138716,0.7593155893536122,1.2418627941912868
Botswana,0.0,0.0,0.0,0.0,0.0,0.0,0.0,0.0,0.0,0.0,0.0,0.0,0.0,0.0,0.0,0.0,0.0,0.0,0.0,0.0,0.0,0.0,0.0,0.0,0.0,0.0,0.0,0.0,0.0,0.0,0.0,0.0,0.0,0.0,0.0,0.0,0.0
Brazil,1.0082464578586825,1.0804662416117594,1.0778184634884869,1.0973794761565647,1.069478346808283,1.0237424569685365,1.018906911871061,1.0701843332728496,1.0271082985503344,1.012307916393562,1.0532565947242207,1.0291661354073696,1.051586441247915,1.033651985122103,1.0459729877150277,1.0502140410958904,1.0507590888710197,1.0440762657770286,1.0080277495749077,1.0360780870940502,0.8867216682891177,1.0702940071559612,1.0715760776963708,1.0496447811126588,1.0533470680017571,1.0355707805898071,1.078491278746806,0.9932474890548546,1.0622332619439012,1.051432825619996,1.0592755443400015,0.9783950346713889,0.9575495154852093,0.9724521901865606,0.9741375370159658,1.0562936475794424,0.9806145732026632
British Virgin Islands,0.0,0.0,0.0,0.0,0.0,0.0,0.0,0.0,0.0,0.0,0.0,0.0,0.0,0.0,0.0,0.0,0.0,0.0,0.0,0.0,0.0,0.0,0.0,0.0,0.0,0.0,0.0,0.0,0.0,0.0,0.0,0.0,0.0,0.0,0.0,0.0,0.0
Brunei,0.0,0.0,0.0,0.0,0.0,0.0,0.0,0.0,0.0,0.0,0.0,0.0,0.0,0.0,0.0,0.0,0.0,0.0,0.0,0.0,0.0,0.0,0.0,0.0,0.0,0.0,0.0,0.0,0.0,0.0,0.0,0.0,0.0,0.0,0.0,0.0,0.0
Bulgaria,0.9744148067501361,0.8430167597765362,1.0994035785288272,0.9722724532851116,0.6862988220706756,1.039747064137308,1.0912250217202433,1.0226910828025477,1.0362008563643441,0.6983471074380165,1.300161377084454,0.8448489863467108,0.9417238001958865,0.7555902236089443,1.5767377838953887,1.261457878655609,0.9432525951557095,1.1254585473220835,0.8976531942633638,0.9662309368191722,0.6463735437805336,1.269186046511628,1.3765460375629865,1.0499168053244592,1.3664025356576863,0.9749478079331942,0.6783250059481324,0.9863205892669237,1.2243954480796586,1.4641301190821958,0.5840111089069628,1.107336956521739,1.2726993865030676,1.1470233791275006,1.2347131750367724,0.7243022464261403,0.7509398496240601
Burkina Faso,0.0,0.0,0.0,0.0,0.0,0.0,0.0,0.0,0.0,0.009000000000000001,1.4444444444444442,1.5384615384615385,2.35,1.5319148936170215,1.3055555555555554,1.2127659574468086,1.0087719298245614,0.6782608695652174,1.5769230769230769,0.7886178861788619,0.5463917525773195,1.2075471698113207,1.5,1.0416666666666667,0.99,0.8080808080808081,1.375,1.2272727272727273,0.9703703703703703,0.8854961832061069,0.6982758620689655,1.1975308641975309,1.0938144329896906,0.8501413760603205,1.0365853658536586,1.5080213903743314,0.9148936170212767
Burundi,1.0,1.0,11.5,1.6956521739130435,1.1794871794871795,1.326086956521739,1.540983606557377,1.0957446808510638,0.9902912621359223,1.0490196078431373,1.0280373831775702,0.9454545454545454,1.0384615384615385,1.0555555555555556,1.0263157894736843,1.0,1.0256410256410255,0.9083333333333333,0.8899082568807339,1.0103092783505154,1.163265306122449,1.1052631578947367,0.7936507936507937,0.8999999999999999,1.0555555555555556,0.968421052631579,1.2608695652173914,0.9568965517241379,1.081081081081081,1.2166666666666666,0.9178082191780823,1.0820895522388059,1.0,1.006896551724138,0.9726027397260274,1.0492957746478875,1.2885906040268458
Cambodia,1.0816326530612244,1.0377358490566038,0.7272727272727273,0.75,1.1666666666666667,1.1428571428571428,1.125,1.1111111111111112,1.08,1.148148148148148,1.032258064516129,1.046875,1.0298507462686568,1.0289855072463767,1.028169014084507,1.0547945205479452,0.7402597402597403,0.8771929824561404,0.8799999999999999,1.0454545454545454,0.6521739130434783,0.9666666666666668,1.6551724137931034,0.8541666666666666,1.4146341463414633,1.0862068965517242,1.0,0.9523809523809523,0.9333333333333333,0.9285714285714286,1.3653846153846152,7.492957746478874,1.9116541353383456,1.8190757128810229,1.0908108108108105,1.3057482656095143,1.0466793168880457
Cameroon,1.325925925925926,1.1329608938547486,0.98767258382643,1.0514228657014477,1.0897435897435899,1.0008714596949893,1.0017414018284718,1.0817036071273358,1.0453997589393331,1.0026902382782474,1.012648524338827,0.9931869795609387,1.0007621951219514,1.0133282559025132,1.0240511086057873,1.041834862385321,1.0781965480803102,1.0078405749754982,1.0700162074554296,1.0324144198727658,1.0090962441314555,0.9159639430066879,1.108888888888889,1.1110793014600628,0.9621231641329555,1.204070701660418,0.8641014234875444,1.0983268983268986,0.9484415280056244,1.0565851247837905,1.0322731524789523,0.7988219302220209,1.1656267725467955,1.116301703163017,0.9411508282476025,1.0578971746178787,0.9975919439579685
Canada,1.0503780234941502,0.9708500037744394,1.0315958898517594,1.0762821092619392,1.0587881016159815,1.0232262033111312,1.019266508725036,0.9697106146030859,0.9513351601996041,1.0237312837717063,1.0384080744590838,1.0271933313285933,1.0236246250121979,1.0215909859709333,1.018127470251623,1.058322122847217,0.9892164011275286,0.9486262006094478,1.0431735635605834,1.0363810708842986,0.9323915737298638,1.0516837075233758,0.9635830585962291,1.0090840206335792,1.0613319393381024,0.9743062944408313,1.0400037984476638,1.0228862081189376,0.9786944125013783,0.9612791767599946,1.0667109452833508,1.0115476582897744,1.02886545146073,0.9836331780693132,0.9996626680909569,1.0124471462827285,0.9998889009526744
Cape Verde,0.0,0.0,0.0,0.0,0.0,0.0,0.0,0.0,0.0,0.0,0.0,0.0,0.0,0.0,0.0,0.0,0.0,0.0,0.0,0.0,0.0,0.0,0.0,0.0,0.0,0.0,0.0,0.0,0.0,0.0,0.0,0.0,0.0,0.0,0.0,0.0,0.0
Cayman Islands,0.0,0.0,0.0,0.0,0.0,0.0,0.0,0.0,0.0,0.0,0.0,0.0,0.0,0.0,0.0,0.0,0.0,0.0,0.0,0.0,0.0,0.0,0.0,0.0,0.0,0.0,0.0,0.0,0.0,0.0,0.0,0.0,0.0,0.0,0.0,0.0,0.0
Central African Republic,0.9848484848484849,1.0461538461538462,0.9411764705882353,1.078125,0.8695652173913042,1.2666666666666666,0.9605263157894737,1.0136986301369866,1.0,1.0270270270270268,0.9868421052631579,1.0266666666666666,1.0,1.025974025974026,1.0126582278481013,1.0125,1.0246913580246915,0.9759036144578314,1.0,1.0246913580246915,0.9879518072289155,1.0,1.0121951219512197,1.4939759036144578,1.0725806451612905,1.0451127819548873,0.9784172661870504,1.0,0.9926470588235294,0.9925925925925926,1.08955223880597,1.0205479452054795,0.919463087248322,1.226277372262774,1.0,1.0059523809523807,0.8875739644970415
Chad,0.0,0.0,0.0,0.0,0.0,0.0,0.0,0.0,0.0,0.0,0.0,0.0,0.0,0.0,0.0,0.0,0.0,0.0,0.0,0.0,0.0,0.0,0.0,0.0,0.0,0.0,0.0,0.0,0.0,0.0,0.0,0.0,0.0,0.0,0.0,0.0,0.0
Chile,1.0335886067445923,1.1164695177434032,1.0631039701944347,1.0429306757200745,1.1071091042738632,1.0976003035189226,1.061441410300726,0.9496865586583082,0.8411487355336477,1.3060538116591929,1.094810768630511,1.3051318602993587,1.0251761236415269,0.9905177924568508,1.1560180703452727,0.9452430797859968,1.0088099222364406,0.8272917987998244,0.852214424721354,1.418171752819874,1.1154972186981555,1.0492104457372817,0.9698991078128908,1.0226100412654746,1.177301387137453,1.0807269351613822,0.8455845914962503,1.0562219183434265,1.0844492121032774,0.81481734147423,1.0720864032150033,0.9695821944552909,1.024485522129596,1.1062148669365934,1.0311644930883765,0.9912812736921911,0.9369372501303668
China,1.1254295532646048,1.13587786259542,1.161290322580645,1.0046296296296295,1.064516129032258,1.0227272727272727,1.06031746031746,1.0888223552894212,1.0852428964252978,1.0675675675675675,0.9897151898734178,1.0511590727418065,1.1460076045627372,1.1106084065606299,1.1334017320981322,0.9929126353175468,1.0469892957504774,1.048102238385494,1.0419507284198593,1.044117164231608,1.244754302348042,1.0376331668447036,0.9851908014635301,1.2441415489328052,1.1220975929493817,1.0970304941421611,1.1128890978830124,1.2304317747795144,1.0608265297533879,1.1712960024373833,0.9746684874792043,1.2442183716643918,1.0610914802604752,1.1559919900444084,1.06290813510604,1.0514175008182995,0.9983122273464808
Colombia,1.0011009426821715,1.259193071688776,0.9990720524017468,1.1204720537616788,1.0632436122488782,1.165374914010548,0.8492778717878083,1.1500857235531254,1.083883964544722,1.0230466136346739,0.9984376135455273,0.8208814003420793,1.2463093496475597,1.1530608615231386,0.9968842546890425,1.102645830109856,0.8939155814997756,0.9734396584201934,1.0920789524608139,0.9523936091668883,0.9915346212285652,1.0670190142606955,1.0641284914563733,1.1056545569724845,0.994145928306305,1.0735942668136713,1.0393978293849924,1.0436305660970517,0.8860702297960236,1.0299409922051432,1.1880039609562882,0.9736246725410809,1.0355898000366905,0.9593150280484204,1.0146702778119743,1.0123753867308352,1.1623289723359633
Comoros,1.0,1.0,1.0,1.0,1.0,1.0,1.0,1.0,1.0,1.0,1.0,1.0,1.0,1.0,1.0,1.0,1.0,1.0,1.0,1.0,1.0,1.5,1.3333333333333333,1.25,1.0,1.0,1.0,1.0,1.0,1.0,1.0,0.6,0.6666666666666666,1.0,1.0,1.0,0.2
Congo-Brazzaville,1.0303030303030303,1.7058823529411764,1.3160919540229887,1.0829694323144103,1.1612903225806452,0.9201388888888888,1.0377358490566038,1.04,1.374125874125874,1.2340966921119592,0.977319587628866,0.8881856540084389,0.8432304038004751,0.8985915492957747,1.0909090909090908,1.295977011494253,0.9889135254988913,0.7600896860986548,0.7374631268436578,1.168,1.1335616438356166,1.1842900302114803,0.8647959183673469,0.9646017699115044,1.073394495412844,1.0484330484330484,0.9021739130434783,1.1174698795180722,0.8814016172506739,1.3027522935779816,1.8380281690140843,1.2477650063856962,0.9836233367451381,0.9802289281997919,1.153927813163482,1.0266789328426864,1.0672043010752685
Congo-Kinshasa,0.9826149083115029,0.988851187590887,1.0862745098039217,1.0482851985559565,1.0708136030994404,1.0460301507537688,0.9967332820906996,1.0017351069982652,1.123171670515781,0.9542494859492803,0.9348177410666189,1.1511717249327695,0.9132321041214753,0.9576100858761193,1.1633276092348788,0.9890109890109889,0.8248756218905473,0.9372738238841978,1.1254826254826256,1.1318848866018676,0.9957905371274625,1.0228271897193102,1.0081005124814018,1.1490652673007546,1.0445269016697585,1.017215466593797,1.039892545332438,0.956858692844226,1.0423866090712746,1.0024605024605024,0.9989665417904664,0.9733609207293419,1.0847615251760327,1.0717697489283529,1.0110844474917149,1.0205696202531649,1.041749723145072
Cook Islands,0.0,0.0,0.0,0.0,0.0,0.0,0.0,0.0,0.0,0.0,0.0,0.0,0.0,0.0,0.0,0.0,0.0,0.0,0.0,0.0,0.0,0.0,0.0,0.0,0.0,0.0,0.0,0.0,0.0,0.0,0.0,0.0,0.0,0.0,0.0,0.0,0.0
Costa Rica,1.0776930409914203,1.044670499778859,1.1875529212531752,1.0620320855614973,0.9227928835179591,1.0425609312477264,1.0376831821353802,1.01546738399462,1.08841059602649,1.0185579555825983,1.0839307048984468,0.9787820336180766,1.1036036036036037,0.9966836734693878,0.9047862810340415,1.0687411598302687,1.2641609317098994,0.8840033500837522,1.2051160587399337,1.107311320754717,0.996272630457934,1.0554070906823445,0.9979743416610399,1.0891407307171852,1.0172387016617488,1.0068702290076337,1.0266868840030325,1.0921577315019937,0.9839080459770115,1.0081088510170424,0.9820040899795499,1.0191586838817162,0.948780820051764,0.9807609475951186,1.195286195286195,0.9942437232088183,1.0808080808080807
Cote dIvoire,1.283271375464684,1.0028968713789108,0.6164067013287117,0.3458294283036551,3.642276422764228,0.8772321428571428,1.0313825275657336,1.009046052631579,1.0187449062754685,1.0472000000000001,0.9488158899923604,0.8357487922705314,1.0472061657032754,1.0689972401103955,1.5197934595524958,0.9988674971687429,1.054421768707483,0.7327956989247313,1.2736610418195156,1.0057603686635945,1.0206185567010309,0.9607182940516275,1.0595794392523366,1.0132304299889747,0.8340587595212187,1.0482713633398566,1.178593652769135,1.0543822597676875,1.0926389584376563,0.7658111824014666,1.0891681627767804,1.0093406593406593,0.9025585193249863,1.1845597104945718,0.734725050916497,1.4788634788634787,0.7905342080599812
Cuba,0.9628514056224899,1.0875912408759123,1.018216682646213,1.0065913370998116,0.9850327408793265,1.0997150997150997,0.9879101899827288,1.111888111888112,1.0070754716981132,1.2115534738485558,0.8814432989690724,1.035818713450292,0.6831333803810868,0.9772727272727273,0.806553911205074,1.3315858453473133,0.9832677165354331,0.8758758758758759,1.1234285714285714,1.0498474059003053,0.9728682170542635,1.0398406374501992,0.8113026819923371,1.0342384887839433,0.5559360730593608,1.0246406570841888,1.06813627254509,1.2964352720450283,0.9898697539797396,0.8055555555555556,1.0018148820326678,1.1974637681159417,1.2193645990922846,0.9181141439205955,1.0148648648648648,0.997336884154461,0.9399198931909212
Cyprus,0.0,0.0,0.0,0.0,0.0,0.0,0.0,0.0,0.0,0.0,0.0,0.0,0.0,0.0,0.0,0.0,0.0,0.0,0.0,0.0,0.0,0.0,0.0,0.0,0.0,0.0,0.001,12.0,2.25,1.2962962962962963,1.4857142857142858,0.9615384615384615,0.98,1.040816326530612,1.0,1.019607843137255,1.0
Denmark,1.0333333333333334,0.9032258064516129,1.2857142857142858,0.7777777777777777,0.9642857142857144,1.074074074074074,1.0,1.103448275862069,0.8437500000000001,8.777777777777777,1.6118143459915613,1.442408376963351,1.3738656987295825,1.1056803170409513,1.126642771804062,1.2661717921527043,1.1549413735343383,1.0853734590282813,1.2240016569454746,1.029475982532751,1.1299045599151643,1.1891130924448619,1.2561168113654302,1.127238454288407,1.1181716833890745,0.9758225324027917,1.0030651340996168,1.0236822001527883,1.027363184079602,1.2980629539951578,0.9643723185972763,1.004448742746615,0.9709223955324475,0.9998016660055534,0.9847252529260068,1.134770346494762,1.261849813598438
Djibouti,0.0,0.0,0.0,0.0,0.0,0.0,0.0,0.0,0.0,0.0,0.0,0.0,0.0,0.0,0.0,0.0,0.0,0.0,0.0,0.0,0.0,0.0,0.0,0.0,0.0,0.0,0.0,0.0,0.0,0.0,0.0,0.0,0.0,0.0,0.0,0.0,0.0
Dominica,1.111111111111111,0.9000000000000001,1.6666666666666665,1.0666666666666667,0.875,0.9285714285714285,1.076923076923077,1.1428571428571428,1.0,1.0,1.0,1.0,1.0,1.0625,1.1176470588235292,1.0,1.0526315789473684,1.35,1.1851851851851851,1.0,0.8437500000000001,1.111111111111111,0.9666666666666668,1.1724137931034484,0.7941176470588236,1.0,0.7777777777777778,0.9523809523809523,1.15,1.0,1.5217391304347827,0.7428571428571428,1.3846153846153848,0.8333333333333333,0.8,1.5000000000000002,0.75
Dominican Republic,1.3668730650154801,0.9411098527746319,1.0385078219013237,0.7404403244495945,1.6807511737089202,0.8752327746741153,1.0531914893617023,0.8787878787878788,0.7160919540229885,0.6693418940609952,1.3860911270983214,0.9602076124567476,2.077477477477477,0.4969644405897658,1.1151832460732984,1.3990610328638498,0.7897091722595078,1.0736543909348442,1.4841688654353562,0.7040000000000001,0.9267676767676768,1.2397820163487738,1.3604395604395605,1.3489499192245558,1.145508982035928,0.9299529534762153,0.9775154581225408,0.8125359401955147,1.0559094125973107,0.9812332439678284,1.064207650273224,1.1643132220795893,1.0810363836824697,0.7118816930137684,0.7220630372492837,1.5654761904761905,1.4746514575411913
Ecuador,0.8917995444191343,1.136653895274585,1.9235955056179774,1.8475467289719627,1.1890610180208663,1.1353363467162987,1.0505854800936774,1.0568435131520284,1.0265766715882725,1.0143825765358538,1.0178245898318816,0.9799004975124378,1.1681559707554836,1.129867872044506,0.7861209416833359,1.2293990996281075,1.0299315395637632,0.9956716648631939,1.1030895823629872,1.0602392681210413,0.9292446568432233,1.0642857142857143,0.9542281879194631,1.032212688141792,0.9354047424366313,1.1271853146853148,1.27904872689673,1.1508690379951494,0.8207041882518219,0.9399807424842196,1.286137036193945,1.0984070796460177,0.9043667418627134,1.0460579064587974,1.1389030829500935,1.2087788828235997,1.2587070832044542
Egypt,1.042272399216414,1.025323968740726,0.9738543174143752,0.9807806617792749,0.8099999999999999,0.9876543209876543,1.0313131313131312,0.9575171400587662,1.0126582278481011,1.2468434343434343,0.8653164556962025,0.9894675248683441,1.227794204612655,1.023986128503998,1.0629350893697083,1.0123904770333658,1.037415858029548,1.0196342799359568,1.2507438016528927,0.9167437557816837,1.102061409831339,0.8534990189666449,1.0125670498084292,0.9719237172695625,1.000077863427548,1.022189349112426,1.1954451976540483,0.9470532016565786,0.8775565123789021,1.0142594296228151,0.9916855631141345,1.013795731707317,1.0175174798887303,1.0348012413181618,0.9802213495180292,0.949373543123543,1.0406660016880227
El Salvador,0.727865796831314,1.0396927016645328,1.0320197044334973,1.2673031026252985,1.1440677966101696,1.0493827160493825,0.9137254901960785,1.1424892703862661,1.0969196093163036,0.9910958904109588,0.5894955079474776,1.1746776084407973,1.1686626746506987,1.0196413321947053,1.2244556113902847,1.2879616963064295,0.7626128518321826,1.0954038997214486,1.1265098537825808,0.6676072234762981,0.9898562975486053,0.9820666097352689,1.2973913043478262,0.9617962466487936,1.221602787456446,1.1979463776383343,0.8947619047619048,1.1745609366684406,0.7847757136384232,1.363741339491917,0.9690939881456393,0.9685452162516383,1.0040595399188093,0.9667565139263253,0.891728624535316,0.9911412193850964,1.225552050473186
Equatorial Guinea,1.0,1.0,1.0,1.0,1.0,1.0,1.0,1.0,1.0,1.0,1.0,1.0,1.0,1.0,1.0,1.0,1.5,1.0,1.0,0.6666666666666666,1.0,2.5,1.4,1.0,11.000000000000002,1.0,1.0,0.6753246753246754,1.0,0.5384615384615384,1.0,2.857142857142857,3.1374999999999997,1.5099601593625498,1.0263852242744063,1.4524421593830332,1.0106194690265489
Ethiopia,1.0613107822410148,1.143426294820717,1.0853658536585367,1.0963081861958266,1.0937042459736457,1.0990629183400267,1.079171741778319,1.0790067720090295,1.0397489539748954,1.0945674044265594,1.0082720588235292,1.0273473108477666,1.1100266193433894,1.071143085531575,1.0552238805970149,1.0572842998585574,1.0367892976588629,1.0083870967741937,1.0166346769033907,1.0534927627438642,1.2048984468339305,1.0153693604362917,1.12548828125,1.1041214750542299,1.1229862475442043,1.1480055983205038,1.0347455044193843,0.9755522827687776,1.0682367149758456,1.3968343697003958,1.263456090651558,1.177450352338245,1.1277203482045701,1.0799662284404776,1.0729283002010273,1.2140106172582492,1.1022035496870446
Falkland Islands,0.0,0.0,0.0,0.0,0.0,0.0,0.0,0.0,0.0,0.0,0.0,0.0,0.0,0.0,0.0,0.0,0.0,0.0,0.0,0.0,0.0,0.0,0.0,0.0,0.0,0.0,0.0,0.0,0.0,0.0,0.0,0.0,0.0,0.0,0.0,0.0,0.0
Faroe Islands,1.0,1.0,1.0,1.0,1.0,1.0,1.0,1.2653061224489794,1.1451612903225805,1.0422535211267607,1.0,1.1216216216216215,0.8795180722891566,1.0273972602739727,1.0,0.92752,1.0790926341210971,1.019116510803826,0.9078704853531326,1.0798669603904798,1.0,1.28,0.8854166666666667,1.0941176470588234,1.053763440860215,1.0204081632653061,1.0299999999999998,0.9223300970873787,0.9578947368421052,0.7362637362637363,1.373134328358209,1.0760869565217392,0.9191919191919191,1.3296703296703296,1.090909090909091,0.7954545454545454,1.0476190476190477
Fiji,0.0,0.0,0.049,5.816326530612244,1.0210526315789477,1.199312714776632,1.0487106017191978,0.9480874316939891,1.0,1.1556195965417868,1.0,1.0124688279301746,1.0,1.0492610837438423,1.0446009389671362,1.002247191011236,1.0089686098654709,0.9731599999999999,1.0729079607784036,1.0790677875917847,1.0710059171597632,1.0257826887661143,0.7863554757630161,1.0753424657534245,0.9363057324840764,1.0272108843537415,1.3090507726269314,0.9848229342327149,0.9092465753424659,0.8983050847457626,1.09853249475891,1.1087786259541983,0.9982788296041308,0.8241379310344827,0.9790794979079499,1.1602564102564101,1.0092081031307552
Finland,1.3364310430054376,0.9585737535138333,1.0375829603333848,0.9754555596876162,0.9310712924132672,1.0045041356154285,1.113484428501549,0.9685898374579001,0.9751303953435635,1.2330232558139536,1.1356720734314094,1.1019707705934454,0.9695066814025922,0.9396341779366807,1.0700341899194883,0.9217171717171718,1.1350617836175565,1.2113939601725665,0.8680871828236828,1.0875023421397787,0.9241040661612681,0.9215064789782791,0.9630247850278201,1.341667104364725,0.913012840588788,0.9567361289769316,1.0821046026979788,1.1395734106440256,0.781900781391968,1.1123454494747607,0.9925201621327984,1.1832266756483665,0.8903714773697695,1.0141469847740077,1.1186901525002955,0.971714396421149,0.9767998259986951
France,1.0312168928234526,0.98055055167755,0.978858684731751,0.9515256374539961,0.939979967640034,1.013049180327869,1.124684445595184,1.0762435072876648,0.6317245989304813,1.1518422110765454,1.067281546262953,1.2079703907729387,0.9411152755411779,1.2111479580248035,0.930060137779278,0.8983720711395502,0.985620015262835,0.9743881702799538,1.1684454900983159,0.9337929379133774,1.1167692461479142,0.8256866656437012,0.9824846682772719,1.0136189530429849,0.8705699401290723,1.0841341859883533,1.0308442628352994,1.1004890991624579,0.9088902121973538,1.0923807088753235,0.7649321961994764,1.2662076878944348,1.1848512309318835,0.9036444059197696,0.8946254760897164,1.105897193314412,0.8488365461389299
French Guiana,0.0,0.0,0.0,0.0,0.0,0.0,0.0,0.0,0.0,0.0,0.0,0.0,0.0,0.0,0.0,0.0,0.0,0.0,0.0,0.0,0.53,1.0358490566037735,1.040072859744991,1.0385288966725041,1.0387858347386172,1.0373376623376624,1.0375586854460093,1.03921568627451,1.0290275761973875,1.0507757404795486,0.8885906040268456,0.8580060422960724,0.8855633802816902,1.017892644135189,0.98046875,0.900398406374502,1.2566371681415929
French Polynesia,0.0,0.0,0.016,1.5,1.3333333333333333,1.09375,1.0,1.657142857142857,1.103448275862069,1.078125,1.0724637681159421,1.216216216216216,1.0444444444444445,1.0212765957446808,1.3020833333333333,1.064,1.0,1.1353383458646615,0.5761589403973509,1.3333333333333335,0.9051724137931033,1.2476190476190476,1.1755725190839694,1.155844155844156,0.99438202247191,1.1186440677966103,1.1111111111111112,0.95,0.9952153110047847,1.3125000000000002,0.8168498168498168,0.8834080717488789,0.9340101522842639,0.923913043478261,1.0,1.1176470588235294,0.9157894736842105
Gabon,1.5875486381322956,1.1813725490196079,1.1224066390041494,1.1164510166358594,1.0927152317880795,1.0075757575757576,1.0045112781954886,1.0014970059880242,1.0358744394618833,1.0115440115440115,1.0099857346647647,1.0112994350282487,0.9930167597765364,1.0520393811533053,1.0588235294117647,0.9709595959595959,1.0507152145643692,1.0037128712871288,1.0234278668310728,0.9662650602409639,1.0922693266832915,1.0513698630136987,0.9750271444082519,0.9922048997772828,0.910213243546577,1.1627620221948212,0.8483563096500532,1.11625,1.057110862262038,0.9608050847457628,0.9283351708930541,1.0795724465558194,1.0308030803080308,0.8495197438633937,1.1545226130653268,1.0380848748639826,0.9392033542976939
"Gambia, The",0.0,0.0,0.0,0.0,0.0,0.0,0.0,0.0,0.0,0.0,0.0,0.0,0.0,0.0,0.0,0.0,0.0,0.0,0.0,0.0,0.0,0.0,0.0,0.0,0.0,0.0,0.0,0.0,0.0,0.0,0.0,0.0,0.0,0.0,0.0,0.0,0.0
Ghana,1.012319939347991,0.9251076577419958,0.5160898603521554,0.7054901960784314,1.6653696498054475,1.4649532710280366,1.0542264752791073,1.0397665874216555,1.076283516940345,1.093858632676709,1.072563559322034,1.0758847736625514,0.952876376988984,0.96868978805395,1.0004972650422677,1.0866467859509608,1.0339990852264065,0.5591271011501032,1.3494198312236287,1.281610318546023,0.9998475144861239,0.7625438462711606,0.772,1.3580310880829018,1.0658145745898513,0.9974941829246463,0.6639153059393504,1.661891891891892,1.1097739469832493,1.0172919109026963,1.0805243445692885,1.067324356752433,1.0201099175618287,1.0189788171911351,0.6976688296082671,0.9514295556321047,1.0099565532223027
Gibraltar,0.0,0.0,0.0,0.0,0.0,0.0,0.0,0.0,0.0,0.0,0.0,0.0,0.0,0.0,0.0,0.0,0.0,0.0,0.0,0.0,0.0,0.0,0.0,0.0,0.0,0.0,0.0,0.0,0.0,0.0,0.0,0.0,0.0,0.0,0.0,0.0,0.0
Greece,1.0005889281507656,1.0450264861683343,0.6564348070965925,1.2235092235092235,0.9789621318373072,1.1540114613180517,0.8590937306021105,0.8504335260115607,0.8020390824129141,0.927436440677966,1.7521416333523703,0.7555410691003911,1.0146678170836927,1.1262755102040818,1.3582483956209892,1.2284602556976096,0.8950633484162895,0.9706332876663852,1.2348958333333333,0.8053563897089835,0.5912542550405866,1.3312666076173605,1.6513639387890888,0.9846897663174858,1.0615793780687397,1.145692811717094,0.46661059714045416,1.2577505407354002,1.592719977070794,1.3946373942774877,0.5571612903225807,1.0771190365910142,1.4272199526983445,0.7206990057246159,1.280309364548495,0.9836734693877551,0.7090456431535269
Greenland,0.0,0.0,0.0,0.0,0.0,0.0,0.0,0.0,0.0,0.0,0.0,0.0,0.0,0.0,0.0,0.0,0.0,0.0,0.171,1.0,0.9239766081871345,1.1518987341772151,0.989010989010989,1.0666666666666667,1.0572916666666667,0.9655172413793103,1.040816326530612,0.9901960784313727,1.311881188118812,1.1056603773584905,1.143344709897611,1.0208955223880598,1.0935672514619883,1.0481283422459893,1.068877551020408,0.947494033412888,0.9672544080604534
Grenada,0.0,0.0,0.0,0.0,0.0,0.0,0.0,0.0,0.0,0.0,0.0,0.0,0.0,0.0,0.0,0.0,0.0,0.0,0.0,0.0,0.0,0.0,0.0,0.0,0.0,0.0,0.0,0.0,0.0,0.0,0.0,0.0,0.0,0.0,0.0,0.0,0.0
Guadeloupe,0.0,0.0,0.0,0.0,0.0,0.0,0.0,0.0,0.0,0.0,0.0,0.0,0.0,0.0,0.0,0.0,0.0,0.0,0.0,0.076,0.7631578947368421,1.1724137931034484,0.9411764705882353,1.3125,0.8095238095238095,1.0882352941176472,1.0135135135135134,0.7733333333333334,1.103448275862069,0.953125,0.9016393442622951,1.1272727272727272,0.7419354838709677,1.3043478260869565,0.9333333333333333,0.8928571428571429,1.32
Guam,0.0,0.0,0.0,0.0,0.0,0.0,0.0,0.0,0.0,0.0,0.0,0.0,0.0,0.0,0.0,0.0,0.0,0.0,0.0,0.0,0.0,0.0,0.0,0.0,0.0,0.0,0.0,0.0,0.0,0.0,0.0,0.0,0.0,0.0,0.0,0.0,0.0
Guatemala,0.6948853615520282,1.3705583756345179,1.5833333333333333,0.768421052631579,1.1095890410958904,2.411522633744856,0.9943117178612061,1.0903890160183065,1.1311647429171041,1.1182745825602969,1.0186644545831605,0.8774429967426709,1.0538283062645013,1.0603258476442097,0.9655357142857143,0.9872172592806053,1.0236484278675024,0.9329919942798045,1.3037821662036466,1.0787037361007117,0.8965293545248134,0.9232995658465992,1.5975705329153604,0.9735099337748344,1.0476190476190477,1.0685425685425685,1.0011253657438668,1.0116906474820142,0.894888888888889,1.333250558728582,1.0478673868504378,1.0977603981514397,1.0974740932642486,1.0531130126881085,0.8699915942841132,1.0719806763285025,1.2340393570677481
Guinea,1.0,1.0,1.0337837837837835,1.0130718954248366,1.038709677419355,1.0124223602484472,1.0122699386503067,1.0181818181818183,1.0119047619047619,1.0176470588235293,1.017341040462428,1.0113636363636365,1.0112359550561796,1.011111111111111,1.0494505494505495,1.0209424083769634,1.4615384615384615,1.0771929824561404,1.2736156351791532,1.0383631713554988,1.3448275862068966,1.0787545787545787,0.6723259762308998,1.386363636363636,0.8907103825136613,0.9325153374233129,1.1688596491228067,0.9831144465290809,0.9866412213740458,0.932301740812379,0.8568464730290456,1.1767554479418887,0.9814814814814815,0.8846960167714885,2.066350710900474,1.2305045871559632,1.0260950605778192
Guinea-Bissau,0.0,0.0,0.0,0.0,0.0,0.0,0.0,0.0,0.0,0.0,0.0,0.0,0.0,0.0,0.0,0.0,0.0,0.0,0.0,0.0,0.0,0.0,0.0,0.0,0.0,0.0,0.0,0.0,0.0,0.0,0.0,0.0,0.0,0.0,0.0,0.0,0.0
Guyana,1.0,1.0,1.0,1.0,1.0,1.0,1.0,1.0,1.0,1.0,1.0,1.0,1.0,1.0,1.0,1.0,1.0,1.2,1.0,6.833333333333333,1.146341463414634,1.1914893617021276,0.9107142857142856,1.0980392156862746,0.8035714285714285,1.0,1.0444444444444445,0.9574468085106382,1.0,1.0444444444444445,1.127659574468085,0.8490566037735849,0.9111111111111112,1.146341463414634,1.0,0.851063829787234,0.75
Haiti,1.0218340611353711,1.1025641025641024,1.0387596899224807,1.037313432835821,1.1043165467625897,1.0879478827361564,0.9940119760479041,1.0,1.0,1.108433734939759,0.9374999999999999,0.9217391304347827,0.8522012578616353,0.8523985239852399,1.0822510822510822,1.076,0.7360594795539034,1.5303030303030303,0.8745874587458746,1.0566037735849056,1.0,0.9178571428571428,0.980544747081712,1.0198412698412698,1.0194552529182879,1.0229007633587786,0.5671641791044776,1.1776315789473684,1.1452513966480447,0.8536585365853658,0.6857142857142857,1.8250000000000002,0.6392694063926941,0.6357142857142857,1.0,1.0,1.0
Honduras,1.0634715025906736,1.0304506699147382,0.9822695035460993,1.0409145607701564,1.001156069364162,1.4688221709006928,0.8891509433962264,1.5375773651635722,1.049453709028177,1.132054794520548,1.0154888673765734,1.0343183984747377,1.0327188940092167,0.8032128514056225,0.9199999999999999,1.2192028985507248,1.0222882615156017,0.9224806201550387,1.1081932773109244,1.0606635071090047,0.8462913315460232,0.8500527983104541,1.0931677018633539,0.8301136363636364,1.273100616016427,1.1779569892473116,1.066636239160201,1.0547710740265297,1.1914807302231238,1.1474293496765409,0.8985163204747775,0.9966974900924702,0.963220675944334,0.9470244238046096,0.9596803487104976,1.0980317940953823,1.2730093071354707
Hong Kong,0.0,0.0,0.0,0.0,0.0,0.0,0.0,0.0,0.0,0.0,0.0,0.0,0.0,0.0,0.0,0.0,0.0,0.0,0.0,0.0,0.0,0.0,0.0,0.0,0.0,0.0,0.0,0.0,0.0,0.092,0.8478260869565217,1.1410256410256412,1.0337078651685392,1.1195652173913042,0.9805825242718448,1.0594059405940592,1.0
Hungary,1.4954954954954955,0.9518072289156626,0.9683544303797468,1.1699346405228759,0.8547486033519553,0.9934640522875817,1.0986842105263157,1.0,0.9341317365269463,1.346153846153846,1.1428571428571428,1.0291666666666668,0.9757085020242915,1.033195020746888,1.0602409638554218,1.1212121212121213,1.0433783783783783,0.8595065406035488,1.1263891504991523,0.9899665551839467,1.0472972972972971,0.8483870967741935,1.3802281368821292,2.628099173553719,2.0230607966457024,0.8186528497409327,1.2132911392405064,1.1804903495044339,1.18338488731772,0.9831964152352503,0.8393467527535131,0.895475113122172,1.0818595250126326,1.1854273703876694,0.9964539007092197,1.0027678924476078,1.0078864353312302
Iceland,1.01048149361284,1.1043760129659643,1.053125917229234,1.0418060200668897,0.9810058855002675,1.0488137442050725,1.0187207488299532,1.0640632976008166,1.01151355241065,0.9869575527626275,1.0,1.025228255646324,1.0360909303960628,1.0110834652793483,1.0369127516778525,1.0192017259978425,1.0912214225232852,1.0795490918402384,1.0758310871518417,1.0509437113746454,1.0349650349650348,1.060657248157248,1.0159258723034603,1.0068405301410859,0.9841472045293699,1.0386883359700851,1.1509277208529494,1.4801491819056785,0.9880516947086077,1.029121421520237,0.9897681854516387,0.9864319172993055,1.0436384476829867,0.9848591825527575,1.0786203600446074,0.9668414445018831,1.0611060189428658
India,1.0648904168457243,0.9747780468119451,1.032291451045332,1.0708842991778624,0.9457541428705177,1.0554565613368179,0.8815209439306685,1.2191390207052113,1.0736590389415441,1.1532733982539707,1.015619052989188,0.9603036906463837,1.0084697992397416,1.173806486749889,0.8775335775335775,0.949506052594963,1.0831318415615245,1.1117379657439725,0.9841675489516023,0.928182807399347,0.9962165618672068,0.9303958277614336,1.1765289256198346,1.1178029979109911,1.188568306010929,1.113678577339684,1.061461231701578,0.9737945411127791,0.9900952137516774,1.0334080934555312,1.147377296183242,0.9065257771941403,1.1782291174108512,0.9787614903904347,0.9591460835041816,1.118601053145866,1.0339407689601203
Indonesia,1.301253357206804,0.9315445476436189,1.0860413589364846,1.0870452227133627,1.193931811072881,1.36206444851978,0.8715137526447397,1.255572721253586,1.2151520478115658,0.964270215535947,1.066156615661566,1.2676234698184887,0.8923298923298922,0.9165319069536011,1.1053203040173727,1.0762524557956779,0.6472333143183113,1.8528115635466245,0.9655598896394254,0.9776332643610209,1.163777464220923,0.8526024075517451,0.9165058405281868,1.0635043777014297,1.1087953313880785,0.8984022556390976,1.1726121979286537,1.0223927201356053,0.9889179755671902,1.5332215653401569,0.7200161141804788,1.034209895292143,1.309065615580802,0.9428503955602787,0.9228553537883531,1.376645406432352,0.9500221795061362
Iran,1.108433734939759,1.0350421804023362,0.9620689655172414,1.0211795373085695,1.0003190810465858,0.9786283891547051,1.032594524119948,1.0078914141414141,1.0386783589101156,0.9078848183325797,1.1599136499501828,1.3507516105941302,1.030736618971913,0.7579434447300772,0.9770723104056438,1.017217439600111,0.935981435981436,1.015166982645472,0.704783795431691,0.7388911536893598,1.3864827586206896,1.5925189017111023,1.372688655672164,0.9575862382816056,1.5149700598802394,1.134512830165004,0.9847370458441634,0.27814904251137185,1.4461942257217844,1.3180231746474944,1.2667090350598451,1.0323605652646541,1.1709865543495872,0.9524797675866361,1.0140159767610748,1.1660101697342977,0.916651311344512
Iraq,1.0,0.8843338213762811,0.9834437086092715,1.0168350168350169,1.0,0.9834437086092715,1.0168350168350169,1.163907284768212,0.844950213371266,1.0168350168350169,0.5082781456953642,2.2573289902280127,0.8571428571428572,0.9326599326599326,1.0180505415162455,1.0,1.0195035460992907,1.0208695652173916,1.0204429301533218,1.010016694490818,1.0115702479338844,0.8366013071895425,0.837890625,1.1375291375291374,12.172131147540984,1.015993265993266,0.941010770505385,0.6075013206550451,0.926086956521739,1.476682316118936,0.7128020347604918,1.2928932500743384,1.0830266789328427,0.6162667232958166,0.8687112336319779,1.32368107893693,0.4324243332334432
Ireland,1.0264105642256902,0.9263157894736843,0.9797979797979797,0.8762886597938147,1.2117647058823529,1.1043689320388348,0.7395604395604395,1.2808320950965826,0.7935034802784223,1.0087719298245612,1.0695652173913044,1.0962059620596207,0.9517923362175525,1.2,0.7803030303030303,1.029126213592233,1.0137735849056604,1.318763127808354,0.936491935483871,1.0043057050592035,0.7363344051446945,1.4337700145560406,0.6883248730964466,1.0811209439528024,1.030013642564802,1.1205298013245033,0.979905437352246,1.4089264173703255,0.9794520547945206,0.7928321678321679,1.1400220507166483,1.2456479690522244,0.888198757763975,1.145979020979021,1.0274599542334097,1.0564216778025242,1.1061138439915672
Israel,0.0,0.0,0.0,0.0,0.0,0.0,0.01,1.0,0.3,1.0,2.0,4.833333333333333,1.0344827586206895,1.0,0.8333333333333334,0.96,1.0416666666666667,1.0,1.32,0.9393939393939393,0.3225806451612903,2.1,1.476190476190476,0.9032258064516129,1.0,0.5357142857142857,0.9333333333333333,1.6428571428571428,2.8695652173913047,1.3939393939393938,1.108695652173913,1.0686274509803921,0.6513761467889908,1.0563380281690142,1.2266666666666668,1.2434782608695654,0.006993006993006993
Italy,0.942147508708163,0.9635795806829406,0.991515931460165,1.022064655690422,0.9670060908214376,1.0093142023346304,0.9619304628581067,1.0287804022743783,0.8233102843786521,0.9289664350140471,1.3381402604017443,0.9982633519685977,0.982293503646156,1.0794779106722627,0.8493763344195977,1.1171910142089805,0.994954526076453,1.000738651768896,1.1116555661274976,0.9772542474429753,1.071336296555801,0.8714055059371743,0.8864601167999624,1.2580960948248492,0.8802759142815082,1.036074346600411,0.9094724220623501,1.2390852390852392,1.1862620723522672,1.0710133678309617,0.940636474908201,0.9593021264938533,1.2771421942208498,1.1047137247229482,0.8455913978494624,0.9570193285859614,0.9001422519579184
Jamaica,0.994186046511628,1.0935672514619883,1.0909090909090908,0.6568627450980393,0.9253731343283581,1.3145161290322582,1.141104294478528,0.9892473118279567,1.1630434782608696,0.9672897196261682,0.8019323671497586,1.2048192771084338,1.075,1.1209302325581396,0.9045643153526971,1.0458715596330275,1.0482456140350875,0.8995815899581591,1.0093023255813953,1.0,0.6635944700460831,0.861111111111111,1.1854838709677418,1.1496598639455782,1.1005917159763319,1.0806451612903223,0.9701492537313433,1.0717948717948718,1.2631578947368423,1.0492424242424243,1.0397111913357402,1.0763888888888888,0.8612903225806452,1.0486891385767791,1.0607142857142855,1.1144781144781146,1.2477341389728096
Japan,0.9919461405267479,1.0255750657464082,1.040647675356087,0.8970882561818065,1.1188796929351086,0.9910056710369741,0.9453603340472947,1.196519092355048,1.0185817434131879,0.9288691929244752,1.0852403671208506,0.8644809761095329,1.1373484889295913,0.7404677775356895,1.2010976639459612,0.9904330830271076,1.1138891634200592,1.028326752078164,0.948211921773338,1.0059210852022378,0.9707460159656669,0.9946563105220998,1.137143963952943,0.997830510905717,0.8786757108845065,1.1141399372194558,0.8834752762380236,0.9821641891821704,0.9930301427815972,1.0914677658135497,1.0143444022677817,0.9286958027494253,1.1389622631737053,1.045083309080326,1.0442263008119468,0.9366202465184889,1.0984375278059546
Jordan,0.0,0.0,0.0,0.0,0.0,0.003,6.333333333333333,1.4210526315789476,0.6296296296296297,1.0588235294117647,0.3888888888888888,2.142857142857143,1.4666666666666666,0.6363636363636365,1.2857142857142858,1.222222222222222,0.7727272727272728,0.7647058823529411,1.076923076923077,2.7857142857142856,1.1025641025641024,1.3255813953488373,0.8245614035087719,1.2340425531914894,1.0517241379310345,0.9180327868852459,1.2321428571428572,1.0144927536231885,0.9285714285714285,1.0615384615384615,0.898550724637681,1.0645161290322582,0.9090909090909091,1.05,0.9206349206349207,0.793103448275862,0.9130434782608696
Kenya,1.2741116751269037,1.0132802124833997,1.0563564875491482,1.011166253101737,1.1190184049079757,1.0334429824561404,1.043501326259947,1.2597864768683273,1.0605326876513317,1.032203196347032,1.087136837681512,1.0111902339776198,1.0674279007377598,0.9924381179176077,1.0297562519784742,1.0581002151859822,0.9726902963393377,1.004480286738351,0.7531965506987808,0.6427161468614291,1.6554054054054055,1.2630797773654916,1.0408343125734432,0.890770533446232,1.0494296577946767,1.07518115942029,1.0584105588317887,0.7819050145927302,0.8038683406854429,1.5204727733220766,1.0099944475291505,1.2229246838922485,0.9181838615419196,0.8354957160342718,1.1341927922648696,0.8863342805476622,0.9618187117458467
Kiribati,0.0,0.0,0.0,0.0,0.0,0.0,0.0,0.0,0.0,0.0,0.0,0.0,0.0,0.0,0.0,0.0,0.0,0.0,0.0,0.0,0.0,0.0,0.0,0.0,0.0,0.0,0.0,0.0,0.0,0.0,0.0,0.0,0.0,0.0,0.0,0.0,0.0
Kuwait,0.0,0.0,0.0,0.0,0.0,0.0,0.0,0.0,0.0,0.0,0.0,0.0,0.0,0.0,0.0,0.0,0.0,0.0,0.0,0.0,0.0,0.0,0.0,0.0,0.0,0.0,0.0,0.0,0.0,0.0,0.0,0.0,0.0,0.0,0.0,0.0,0.0
Laos,1.183695652173913,1.0449954086317723,0.8954305799648506,0.9224730127576055,0.9117021276595745,0.9556592765460911,0.6483516483516484,0.9171374764595103,1.357289527720739,1.2360060514372166,1.0722154222766216,0.9794520547945207,1.0104895104895104,0.9838523644752019,1.2215709261430248,1.1458733205374279,0.9748743718592965,1.5481099656357389,1.2896781354051052,1.4100688468158349,1.0061031431187062,0.9742189869578405,0.8816936488169363,1.0586158192090396,1.1707805203468977,1.0256410256410258,0.9361111111111111,1.1038575667655786,0.9059139784946236,2.4821958456973294,1.5348475791990437,1.0067762286782458,1.1879158285625873,0.9848257896450667,0.9194550985319403,1.2776898734177213,1.039797354348438
Lebanon,1.0,0.7645659928656362,0.8615863141524105,1.0451263537906137,1.0,0.9568221070811744,1.0902527075812276,0.9834437086092715,0.8333333333333334,0.6,1.6666666666666667,1.101010101010101,1.3082568807339447,1.1346423562412344,0.8776266996291717,1.1126760563380282,1.129113924050633,0.8710762331838565,0.42342342342342343,1.3525835866261398,0.7415730337078652,2.033333333333333,2.01043219076006,0.8220904373610082,0.934174932371506,0.664092664092664,0.8415697674418605,0.6373056994818653,1.6693766937669376,1.349025974025974,0.9590854392298437,1.2509410288582183,1.259779338014042,0.1520700636942675,2.481675392670157,0.7974683544303798,0.917989417989418
Lesotho,0.0,0.0,0.0,0.0,0.0,0.0,0.0,0.0,0.0,0.0,0.0,0.0,0.0,0.0,0.0,0.0,0.0,0.0,0.195,1.476923076923077,0.9895833333333331,1.1017543859649124,1.035031847133758,0.9138461538461538,1.5454545454545456,1.1437908496732025,1.055238095238095,1.0541516245487366,1.1095890410958904,1.0709876543209877,0.7060518731988472,0.9918367346938776,1.0596707818930042,1.0097087378640777,1.0192307692307692,0.9490566037735849,0.9940357852882704
Liberia,0.9486404833836858,1.0445859872611465,0.975609756097561,0.696875,1.1614349775784754,1.2162162162162162,1.0031746031746032,1.0158227848101267,0.9688473520249221,0.0,0.0,0.0,0.0,0.0,0.0,0.0,0.0,0.0,0.0,0.0,0.0,0.0,0.0,0.0,0.0,0.0,0.0,0.0,0.0,0.0,0.0,0.0,0.0,0.0,0.0,0.0,0.0
Libya,0.0,0.0,0.0,0.0,0.0,0.0,0.0,0.0,0.0,0.0,0.0,0.0,0.0,0.0,0.0,0.0,0.0,0.0,0.0,0.0,0.0,0.0,0.0,0.0,0.0,0.0,0.0,0.0,0.0,0.0,0.0,0.0,0.0,0.0,0.0,0.0,0.0
Luxembourg,1.1130434782608696,0.9140625,0.9829059829059829,1.0695652173913044,0.8455284552845528,1.1153846153846154,1.2327586206896552,0.9860139860139858,0.7659574468085107,0.9629629629629629,1.1634615384615385,0.834710743801653,1.0495049504950493,1.4905660377358492,0.8860759493670887,0.7214285714285714,1.2673267326732673,1.2421875,0.8616352201257861,1.2773722627737227,1.0057142857142858,0.9034090909090908,0.8867924528301886,1.2765957446808511,0.9388888888888889,1.1893491124260356,1.0895522388059702,0.9178082191780822,0.9104477611940298,1.273224043715847,0.9313304721030042,1.1474654377880185,1.072289156626506,1.0299625468164795,1.0436363636363635,1.1149825783972127,1.03125
Macau,0.0,0.0,0.0,0.0,0.0,0.0,0.0,0.0,0.0,0.0,0.0,0.0,0.0,0.0,0.0,0.0,0.0,0.0,0.0,0.0,0.0,0.0,0.0,0.0,0.0,0.0,0.0,0.0,0.0,0.0,0.0,0.0,0.0,0.0,0.0,0.0,0.0
Madagascar,1.0410958904109588,1.486842105263158,1.084070796460177,1.0285714285714287,1.0119047619047619,1.0431372549019609,1.0751879699248121,1.0489510489510487,1.0466666666666666,1.0764331210191083,0.9822485207100592,1.0301204819277108,1.0058479532163742,1.0087209302325584,1.0634005763688759,1.140921409214092,1.0688836104513064,1.1111111111111112,1.03,1.0485436893203883,0.9777777777777777,1.0132575757575757,1.1289719626168224,1.0496688741721856,1.0110410094637223,0.9843993759750391,1.128367670364501,0.9719101123595505,1.060693641618497,0.9591280653950953,0.9801136363636362,1.0942028985507248,1.0741721854304636,1.0863131935881627,0.920544835414302,1.1602959309494452,0.9468650371944739
Malawi,0.9768041237113402,1.0686015831134565,1.093827160493827,1.0474040632054176,1.0129310344827585,1.0765957446808512,1.1027667984189722,1.0089605734767024,1.005328596802842,1.2314487632508835,1.0659971305595408,1.0336473755047106,1.0039062499999998,1.0518806744487679,1.025893958076449,1.016826923076923,1.0236406619385343,1.1489607390300232,0.9668341708542714,1.101871101871102,1.0226415094339623,1.0507380073800738,1.0324846356453028,1.1020408163265307,1.0416666666666667,1.0244444444444445,1.0209689081706435,1.1118980169971673,0.9770700636942675,1.1603650586701435,1.0308988764044944,1.0408719346049047,0.9958115183246073,1.0520504731861198,0.9900049975012495,1.0156486622917718,0.9309145129224652
Malaysia,1.1287553648068671,0.8174904942965779,1.3054263565891473,2.0172209026128263,1.1115690314983808,1.0677966101694916,1.205605158730159,1.1534663649454842,0.9243802389869805,0.7617210109974918,1.105116514690983,0.9892275956910381,1.1174698795180724,1.3390006220194894,0.9532362960668942,0.8336582196231319,0.7464925954793451,1.2537196554424432,1.5500728711222154,0.9858965748824714,0.8679836512261582,0.8237325380630981,1.0847942073170733,1.013349727735816,0.8907956318252728,1.2410974897840048,1.0073690812166824,1.1495719844357977,1.0908475494178176,0.9205659674816931,1.1605770527167314,1.137546468401487,1.1876021241830066,1.200017198383352,1.041633823002508,1.4157264722069345,1.3192089022790223
Maldives,0.0,0.0,0.0,0.0,0.0,0.0,0.0,0.0,0.0,0.0,0.0,0.0,0.0,0.0,0.0,0.0,0.0,0.0,0.0,0.0,0.0,0.0,0.0,0.0,0.0,0.0,0.0,0.0,0.0,0.0,0.0,0.0,0.0,0.0,0.0,0.0,0.0
Mali,0.9879518072289155,1.2804878048780488,1.161904761904762,1.0901639344262295,1.0,1.1879699248120301,1.0126582278481013,1.0375,1.0120481927710843,1.0773809523809523,1.0055248618784531,1.1428571428571428,1.0480769230769231,1.0091743119266054,1.0136363636363637,0.9417040358744394,1.080952380952381,1.013215859030837,1.0,1.0130434782608695,1.0042918454935623,1.0085470085470085,0.9915254237288137,1.0598290598290598,1.8024193548387097,1.0715883668903803,0.9832985386221295,1.2144373673036095,1.1748251748251748,1.101190476190476,1.0432432432432432,1.0712435233160622,1.2103990326481255,1.037962037962038,1.014436958614052,1.0844402277039848,1.0244969378827646
Malta,0.0,0.0,0.0,0.0,0.0,0.0,0.0,0.0,0.0,0.0,0.0,0.0,0.0,0.0,0.0,0.0,0.0,0.0,0.0,0.0,0.0,0.0,0.0,0.0,0.0,0.0,0.0,0.0,0.0,0.0,0.005,1.8000000000000003,0.6666666666666666,1.1666666666666665,1.0,1.142857142857143,1.25
Martinique,0.0,0.0,0.0,0.0,0.0,0.0,0.0,0.0,0.0,0.0,0.0,0.0,0.0,0.0,0.0,0.0,0.0,0.0,0.0,0.0,0.0,0.015,1.0,1.0,1.0,2.0,1.0666666666666667,0.96875,1.0,0.7741935483870968,0.625,1.2666666666666666,0.8421052631578948,1.4375,1.173913043478261,1.074074074074074,0.8620689655172414
Mauritania,1.2,1.2666666666666666,1.0263157894736843,0.9230769230769232,0.861111111111111,0.5806451612903226,1.3888888888888888,1.0,1.0,1.0,1.0,1.0399999999999998,1.0,1.076923076923077,1.0,1.0,1.0714285714285714,0.9333333333333333,1.0714285714285714,1.0666666666666667,1.0625,1.0,1.2058823529411764,1.073170731707317,1.1136363636363638,1.040816326530612,1.058823529411765,1.111111111111111,1.8333333333333335,1.0545454545454547,1.1206896551724137,1.0384615384615385,1.2592592592592593,1.0588235294117645,1.0555555555555556,1.263157894736842,0.9583333333333334
Mauritius,0.7195121951219513,1.576271186440678,0.37634408602150543,1.857142857142857,1.7538461538461538,0.956140350877193,1.2752293577981653,0.7122302158273381,1.4848484848484846,0.5714285714285715,0.880952380952381,1.5135135135135134,0.9196428571428571,0.7281553398058253,1.7866666666666668,0.7611940298507461,0.9019607843137255,1.1304347826086956,2.980769230769231,1.6290322580645162,1.0297029702970297,0.9903846153846154,1.0621359223300972,1.0438756855575868,0.9509632224168124,0.9134438305709025,1.0544354838709677,1.1338432122370936,1.0219224283305228,1.0726072607260726,0.843076923076923,1.0456204379562044,1.0244328097731241,0.9659284497444633,1.148148148148148,0.9447004608294932,0.9252032520325203
Mexico,1.4558384128122384,0.9312043346194895,0.9045226130653267,1.1383040935672515,1.1117390187516056,0.7631315465187922,0.9205732451935207,1.1497012552759964,1.1632497377705733,0.9526600541027951,0.9950522738028654,1.2113887928052576,1.0105293214833853,0.7833780729019496,1.3549303395103476,1.0927756147881935,0.8428603185237067,0.9442643419901735,1.3033746556473829,1.012006458241597,0.8912803852178453,0.8845277615049144,0.8144455073956878,1.2409758301332732,1.108740762313881,1.0645521407932754,0.9057430140028376,1.3448886467343186,0.685597812325923,1.3873767404069874,0.9758558270776765,0.8935595624539676,0.8866501816405654,1.376497727585732,0.7999949973736212,0.9779570396773285,1.083924803376175
Mongolia,0.0,0.0,0.0,0.0,0.0,0.0,0.0,0.0,0.0,0.0,0.0,0.0,0.0,0.0,0.0,0.0,0.0,0.0,0.0,0.0,0.0,0.0,0.0,0.0,0.004,1.0,1.0,1.25,4.0,1.7500000000000002,1.4857142857142858,0.9807692307692306,1.2352941176470589,1.0793650793650795,0.8529411764705882,1.0,1.0
Montserrat,0.0,0.0,0.0,0.0,0.0,0.0,0.0,0.0,0.0,0.0,0.0,0.0,0.0,0.0,0.0,0.0,0.0,0.0,0.0,0.0,0.0,0.0,0.0,0.0,0.0,0.0,0.0,0.0,0.0,0.0,0.0,0.0,0.0,0.0,0.0,0.0,0.0
Morocco,0.6933422999327504,0.5586808923375365,0.8263888888888887,0.7605042016806722,1.2845303867403317,1.3440860215053763,1.3199999999999998,1.1224242424242425,1.236501079913607,1.0340611353711793,1.0422297297297296,0.773095623987034,0.46016771488469604,1.8929384965831435,0.7280385078219014,3.2016528925619836,1.064532782653588,0.853055286129971,0.4644684479818079,0.8702570379436964,1.2123769338959214,0.9767981438515082,1.7114014251781469,1.104788341429563,0.6086683417085427,1.0196078431372548,0.917004048582996,1.0154525386313467,2.7630434782608693,1.3505114083398901,0.5785027672589571,0.8157099697885197,1.7049382716049382,0.5887038377986965,1.1543665436654367,0.6675546084176878,0.9465283320031924
Mozambique,0.2472220150645089,0.8926093514328809,1.6931395741804662,0.11017964071856289,0.26992753623188404,0.2550335570469799,0.6315789473684211,2.0416666666666665,1.0204081632653061,5.62,1.1387900355871885,1.00625,1.0590062111801242,1.06158357771261,1.0359116022099448,1.1866666666666668,2.1730337078651685,1.5377456049638056,5.114996637525218,1.2572968708914016,1.2273345184565512,1.0717389452159838,0.8585738134986883,1.0730555555555554,1.1369402019156094,1.1089101396478447,1.091164191362672,0.9416044659098037,1.1207700506261657,0.9827637444279347,1.0105836105231327,0.9013764213046079,0.9602974372593281,1.112071349557522,1.062915760024868,0.907059718079195,0.9015346917719886
Myanmar,1.0799492385786802,1.0775558166862516,1.0719738276990185,1.017293997965412,0.993,1.0382678751258811,0.9825412221144519,0.9141164856860811,1.2235421166306695,1.0423654015887025,1.039796782387807,1.2239413680781759,1.1230871590153029,0.9466824644549763,1.0062578222778473,1.0161691542288556,1.021419828641371,0.5632115038945475,1.0936170212765959,1.8219844357976653,0.9631607047517352,1.2250554323725056,1.0081447963800907,1.0700179533213643,1.2453859060402686,1.109464466150219,1.0883424408014573,1.1246861924686193,1.290922619047619,0.971373679154659,1.472705696202532,1.032903572387859,1.1361331426342478,1.0006866559853513,1.0645013723696248,1.0367425870219167,1.2924352331606217
Nauru,0.0,0.0,0.0,0.0,0.0,0.0,0.0,0.0,0.0,0.0,0.0,0.0,0.0,0.0,0.0,0.0,0.0,0.0,0.0,0.0,0.0,0.0,0.0,0.0,0.0,0.0,0.0,0.0,0.0,0.0,0.0,0.0,0.0,0.0,0.0,0.0,0.0
Nepal,1.1818181818181817,0.9903846153846154,1.5242718446601942,1.0668789808917198,0.991044776119403,1.3012048192771086,1.256944444444444,1.0257826887661143,0.9622980251346499,1.6361940298507462,1.0273660205245154,0.9211986681465039,1.0421686746987953,1.0682080924855493,1.2413419913419914,1.019180470793374,0.8990590248075278,1.0656517602283542,1.2473214285714282,1.1567644953471727,1.1330445544554455,1.1458219552157294,1.0676835081029552,1.0616071428571427,1.0479394449116906,1.086677367576244,1.0173559822747413,1.0072595281306715,1.1066666666666667,1.0332139368283946,1.0888748818153167,1.0124457308248915,0.9925671812464265,1.0803571428571428,0.9112236736870168,1.227325921591574,1.0932061978545888
Netherlands,1.0,0.3,0.6666666666666667,0.09999999999999999,20.150000000000002,1.248138957816377,1.393638170974155,1.1440798858773182,1.1683291770573565,1.256136606189968,1.0696686491079013,1.0071485305798253,1.1246056782334384,1.0967741935483872,1.078005115089514,1.3256227758007118,1.142765100671141,1.092369855290359,1.0949820788530467,1.0945990180032732,1.097188995215311,1.156445898064868,0.9373085081310393,1.1890872516972593,1.4315923028124338,0.9896602658788775,0.8386567164179104,1.1918490834668092,1.152754964909661,1.1283678756476685,1.015956836184135,1.0240677966101697,0.8570009930486594,0.8693189133513585,0.986522511848341,1.0078066356402942,0.9456278861909728
Netherlands Antilles,0.0,0.0,0.0,0.0,0.0,0.0,0.0,0.0,0.0,0.0,0.0,0.0,0.0,0.0,0.0,0.0,0.0,0.0,0.0,0.0,0.0,0.0,0.0,0.0,0.0,0.0,0.0,0.0,0.0,0.0,0.0,0.0,0.0,0.0,0.0,0.0,0.0
New Caledonia,0.9710144927536232,1.5223880597014923,0.681372549019608,1.4280575539568345,1.2065491183879091,0.8308977035490607,0.6381909547738693,2.074803149606299,0.9791271347248577,0.8837209302325582,0.7456140350877193,1.0058823529411764,1.0,1.0994152046783625,1.1170212765957446,0.9238095238095239,0.9149484536082474,1.0901408450704226,1.1912144702842378,0.9501084598698482,0.8287671232876712,0.8732782369146006,1.0094637223974763,1.009375,1.040247678018576,0.8482142857142856,1.354385964912281,1.1735751295336787,0.8874172185430463,0.6517412935323383,1.416030534351145,1.064690026954178,1.139240506329114,0.6333333333333333,1.192982456140351,0.676470588235294,1.5652173913043477
New Zealand,1.0014662015268718,0.9316437802907916,1.0779234854232145,1.0320731952543738,0.9683877252800779,1.1183542075348323,1.0104344697310426,1.0481616665182942,0.9488279259385088,1.0565725283086422,0.9918668191638074,0.8947683109118088,1.1293017039759439,1.1035502958579881,1.0544235924932976,0.9515927499909194,0.9189527564765653,1.0279127725856698,0.9601971956196711,1.0426731756586145,0.886180174362286,1.1411914738568045,0.9490341634738186,1.1406703393750788,0.8698938209703584,1.0124602670057217,1.0033069613629706,0.9460947930574096,1.0837890280472748,1.02001953125,1.015797032072762,0.9143889412503927,1.0061845043806907,1.0546354789141197,1.008337380605472,1.0549088865698,0.9710067726961419
Nicaragua,0.9685185185185184,0.869980879541109,0.5472527472527472,0.9357429718875503,1.1201716738197425,1.0153256704980842,1.5018867924528303,0.9824120603015075,1.3759590792838872,0.7416356877323421,0.8370927318295739,0.7604790419161677,1.8818897637795275,0.7928870292887029,1.0633245382585752,1.0942928039702233,0.945578231292517,0.788968824940048,1.2826747720364742,0.5710900473933649,0.9502074688796681,1.7292576419213974,1.0707070707070707,1.0566037735849056,1.4040178571428572,0.7869634340222575,1.096969696969697,1.5966850828729284,0.7577854671280277,1.3455098934550989,0.9185520361990951,1.0701970443349755,1.0736478711162254,0.9464094319399785,0.8448471121177803,1.280160857908847,1.182198952879581
Niger,0.0,0.0,0.0,0.0,0.0,0.0,0.0,0.0,0.0,0.0,0.0,0.0,0.0,0.0,0.0,0.0,0.0,0.0,0.0,0.0,0.0,0.0,0.0,0.0,0.0,0.0,0.0,0.0,0.0,0.0,0.0,0.0,0.0,0.0,0.0,0.0,0.0
Nigeria,0.8410425844346548,1.044958533391532,0.7752715121136173,1.3841594827586206,1.1592059166991049,1.206850235057085,0.904563160823595,1.2205475238388186,1.0330141129032258,1.059526713832642,1.3518305318903985,1.0216317492761025,0.9196398799599869,0.9981870920957215,0.9889211768979296,1.0,1.0168962350780533,1.0325085786527,1.064894175266748,0.9361038107752958,1.0287769784172662,1.3926317584854169,0.904715248009798,1.088398537972113,0.9580845771144277,0.8065688692717123,0.9943666505713827,0.9189057947555844,0.7921437378897304,1.4064932177006895,0.9231620553359684,0.9619797910601131,0.9421399323482287,1.0043461829176112,1.0692380056444026,0.9774766848495513,0.9895589558955897
Niue,0.0,0.0,0.0,0.0,0.0,0.0,0.0,0.0,0.0,0.0,0.0,0.0,0.0,0.0,0.0,0.0,0.0,0.0,0.0,0.0,0.0,0.0,0.0,0.0,0.0,0.0,0.0,0.0,0.0,0.0,0.0,0.0,0.0,0.0,0.0,0.0,0.0
North Korea,1.0150562226033921,1.0149267743146828,1.0146147442419757,1.0144953961163279,1.0942667145938174,1.056910569105691,1.0461538461538462,1.102941176470588,1.0,1.04,0.9615384615384615,0.9466666666666667,0.9366197183098591,1.037593984962406,1.0289855072463767,0.8802816901408451,0.856,0.9532710280373833,1.0098039215686272,0.9902912621359224,1.0392156862745099,1.0019058509624545,1.1035761841354386,1.0665345169352753,1.0505858585858585,0.9610029997692486,1.052265087241876,1.0593291245150984,0.8885617864579594,1.0719999999999998,0.9850746268656717,1.0227272727272727,1.0296296296296295,0.935251798561151,0.7692307692307693,1.28,0.9296875
Norway,1.1107269364217753,0.9959837171840307,1.1442184750893374,1.0018241900977995,0.9673769007102341,0.9398559222650361,1.0735136835482855,1.0545902071673454,1.0875520978049458,1.0234366350714936,0.9092490118577076,1.0593397944522234,1.0219864711929711,0.9357385585555124,1.0897232058972322,0.8551414265344696,1.056119975958276,1.0541475817629402,1.0496072865328017,1.1671409253436646,0.8500490453918655,1.073618195501296,0.8166425222362416,1.0313775607522984,1.2457047215697878,0.880568319315879,1.1192676018343677,1.0402645136022652,0.9000419930783823,0.9387589291460197,1.029991688017892,1.17852061997188,0.9047346760131868,1.0558667935893635,1.0136858751718125,1.0415895140478515,0.9911673513952369
Oman,0.0,0.0,0.0,0.0,0.0,0.0,0.0,0.0,0.0,0.0,0.0,0.0,0.0,0.0,0.0,0.0,0.0,0.0,0.0,0.0,0.0,0.0,0.0,0.0,0.0,0.0,0.0,0.0,0.0,0.0,0.0,0.0,0.0,0.0,0.0,0.0,0.0
Pakistan,1.0377883389358988,1.0524963699318666,1.1939934203544518,1.1286107901519866,0.9540085052764216,1.1276209344560013,1.1052708638360176,1.0939197244668166,1.01701380479535,0.9975590879323688,1.0814036762950585,1.153476821192053,0.9206258073776374,1.1760212036170876,1.0152459233726634,0.8987986419430661,1.0576299094387136,1.0176748019597968,0.8591676040494937,0.9520816967792616,1.0914191419141914,1.1756879346840041,1.199245541838134,0.9565341721475551,1.1858744394618834,1.0320161341148295,0.9098625954198473,0.9773474729847642,0.9985921780036398,1.1259885840038513,0.9049349538874978,1.0473796105692974,1.0722685826594065,1.0156850961538462,1.0743447133305721,0.9459176648767728,0.8941515530843352
Panama,1.471356783919598,0.8360655737704918,0.815359477124183,1.623246492985972,1.2382716049382714,1.0862412761714857,0.9669573198715007,1.0939724727100142,0.9657266811279825,1.0094339622641508,0.914997774810859,0.9328793774319065,1.2064650677789364,1.0350043215211755,1.0058455114822549,1.24159402241594,0.9679037111334001,0.7398963730569947,1.457983193277311,1.0912584053794427,0.73268779342723,1.355626752102523,0.8319054652880356,1.3370028409090908,0.9853917662682603,0.9746630727762804,1.0246128318584071,1.0658569500674764,0.9832869080779945,1.0749420551120268,0.9774796358409199,1.3137254901960784,0.9580223880597014,0.9766309639727361,1.2418743768693918,1.042228644829801,1.1112309351409642
Papua New Guinea,0.9839743589743589,0.9804560260586319,1.26578073089701,1.0656167979002624,1.024630541871921,1.0865384615384617,0.9579646017699115,1.0161662817551964,1.0227272727272727,1.011111111111111,1.0,1.0,1.0,1.010989010989011,1.8739130434782607,1.0835266821345708,0.7526766595289078,1.221906116642959,1.059371362048894,1.0263736263736265,1.0,0.9989293361884368,1.0,0.9592711682743836,0.9955307262569831,0.9708193041526376,1.001156069364162,0.9907621247113164,1.0011655011655014,1.0128055878928985,1.1310344827586207,1.0172764227642275,1.017982017982018,1.0255152109911678,0.9942583732057416,0.9942252165543792,0.8025169409486933
Paraguay,1.0516039051603905,0.8952254641909815,1.1718518518518517,1.1415929203539825,4.501661129568107,2.929397293972939,1.5534934497816593,1.0756797664738635,1.2175988743152921,1.1227867431590244,1.0795471254227318,0.9247139743938981,1.1461869867805723,1.1580942590034375,1.1568464269862404,1.0756798235096638,1.1222747336038166,1.0003774109608088,1.0214844525634408,1.029410621258067,0.8471778990501727,1.0638819543509273,1.0738110203226483,1.0031022574288335,0.9852563603827901,1.0511706874086943,0.9989107162979379,1.0323569226141234,0.9908940246589812,0.9837343086621699,1.0658583065540692,1.045241809672387,1.0045279221868186,0.9158597662771285,1.0085672621217645,1.1437917946864269,0.9358467907594098
Peru,1.13731553056922,1.0610479485912012,0.9655252737013742,1.0551266586248493,1.09683319995427,1.0681676047529707,1.0712334113973458,0.9552741847331025,0.9966625345666063,1.0049751243781093,1.0953922315308453,0.8533808447766384,1.2003258987676952,1.0815374172747327,1.007374284145289,1.0379253952184408,0.9921968787515006,1.0428765880217785,1.0534406496990791,1.1126101321585904,1.0888393961890621,1.0257386363636363,1.0276962277737771,0.9437826766560664,1.0427755568246715,1.0888329043211566,0.9961269553845379,0.9804584932336903,1.0236390791574392,1.0321493258200845,1.0746283207409213,0.9892043908191964,1.0567681584739543,1.0096329080968498,1.0478339350180506,1.0073007669906895,1.2134451728490572
Philippines,1.0619799139167863,1.0089165090516077,0.7865559721478307,1.7490636704119853,1.0728051391862954,1.0858283433133733,0.8748328877005348,1.1866284622731615,1.0334835801674176,0.9345794392523364,0.8489999999999998,0.8262661955241463,1.174625801853172,1.1907362459546926,1.0480720231017495,1.128038897893031,0.8580459770114943,0.8427662424648359,1.5422213391615336,0.9947178562226231,0.9108923714544749,0.9900469216550546,1.1187706448369956,1.0920410783055199,0.9760197484424591,1.1851138142839939,0.8615853658536585,1.1493276716206653,0.9944581280788177,0.8000000000000002,1.2534829721362226,1.063188226818977,0.980640789855774,0.9122495311420393,0.9678640986799394,0.9788708775852432,1.2022613065326633
Poland,0.9160220994475139,0.7655810213108162,1.1071428571428572,0.8842504743833017,1.2564377682403434,0.868061485909479,0.9601574028529267,1.0522540983606559,0.8836416747809152,0.9151515151515152,1.1131848284166164,1.0362358031368306,0.9592901878914406,1.1278563656147986,1.076700434153401,1.0376344086021503,1.0984455958549224,1.133254716981132,0.9153659382587581,0.9992421371731718,1.1634433067880168,1.0257496740547587,0.7610422624721958,1.3532359081419625,1.2119716136994754,1.0822301425661915,1.2032462949894143,1.1237536656891491,1.3181976339596386,1.2206678104790813,1.0752513785274083,1.2211161387631975,0.9122200263504611,1.1005596678100742,0.9698982939632546,0.8697674418604652,0.909382596013612
Portugal,0.639554794520548,1.3683304647160068,1.1575122292103424,1.2027288094663124,1.1072181507880736,0.8104089219330851,1.0726113224434999,1.3200166892667153,0.5016199130778348,1.5365469439193447,1.0006151322534345,0.561577868852459,1.706622879036672,1.2278169766944622,0.8052242054854157,1.6839316608996542,0.8996949849097797,0.9902968749442401,0.6090810810810812,1.510235475091705,1.2139779048812975,0.6103007615851296,1.8226522842639594,0.6718885987815492,0.5760794473229707,1.9341927746964473,0.9409439665194139,0.730829420970266,1.1929448889890681,1.7851676901275388,0.7762489415749364,0.5994682301608945,1.9331286250426478,1.1041298976350158,0.6403985507246377,1.5807471503452866,0.48918364124427605
Puerto Rico,0.607843137254902,0.8387096774193548,1.0576923076923077,1.2272727272727273,1.3555555555555554,1.2185792349726776,1.1524663677130045,1.0583657587548638,1.0,0.5025919117647059,0.8709045023956695,1.1348765717261482,0.8905672945268844,0.5604883278345203,1.2888513263051764,1.5533684598039668,0.7548898352157009,1.0127147328042068,1.5375151368370066,0.9577216306470923,0.8750000000000001,0.8571428571428571,0.9035087719298245,1.3689320388349513,0.9787234042553193,1.0289855072463767,1.1549295774647887,0.951219512195122,1.1153846153846154,0.9137931034482759,0.9433962264150942,0.6,0.888888888888889,1.0,0.6875,1.4,0.7922077922077922
Qatar,0.0,0.0,0.0,0.0,0.0,0.0,0.0,0.0,0.0,0.0,0.0,0.0,0.0,0.0,0.0,0.0,0.0,0.0,0.0,0.0,0.0,0.0,0.0,0.0,0.0,0.0,0.0,0.0,0.0,0.0,0.115,1.0,1.0,1.0,1.0,1.0,1.0
Reunion,1.2251655629139073,1.1405405405405404,1.014218009478673,0.9439252336448599,1.1955445544554455,1.0289855072463772,1.0543259557344062,0.7977099236641221,1.1770334928229669,1.105691056910569,0.8382352941176471,1.0745614035087718,1.006122448979592,1.0,1.008113590263692,1.0060362173038226,1.078,1.0222634508348794,1.0036297640653356,1.4737793851717904,0.9914110429447852,1.0024752475247527,0.9925925925925926,1.0771144278606963,0.964203233256351,1.0143712574850299,1.0495867768595042,1.0056242969628797,0.9060402684563759,1.0037037037037035,0.8314883148831488,1.1301775147928996,1.0693717277486912,0.8396572827417379,1.1341107871720117,0.9267352185089973,1.073509015256588
Romania,1.0079162002238926,0.9306624355414518,0.8468161282073139,1.1282464264143348,1.0503211991434689,0.90791709140333,1.0370508982035926,1.2160772284373873,0.9271459307070258,0.8698087541009841,1.2977920883164673,0.8251222797192884,1.0918384879725085,1.0162876701550083,1.2797305667389285,0.9436142537358582,1.1120728345194588,1.0781781493225715,0.9682369926741885,0.80797481636936,1.009842788790157,1.075267361581156,0.8264509631121743,1.245487089648869,1.223825831702544,0.9082550469718168,0.8715338908450705,1.0761315573511774,0.9027394849533642,1.2863084021054,0.7466026774437989,0.8225861019013464,1.2387102081105534,1.2698718374394051,0.8885112168592794,1.0816903066329233,0.809293215082431
Rwanda,0.9279279279279279,1.2912621359223302,1.1353383458646615,1.066225165562914,1.0062111801242235,0.9197530864197531,1.1006711409395973,1.0182926829268293,1.0239520958083834,0.9649122807017544,0.9878787878787879,1.0429447852760736,0.8999999999999999,1.0196078431372548,1.0128205128205128,0.8860759493670887,1.1428571428571428,1.0,0.79375,0.8740157480314961,0.8018018018018018,1.101123595505618,1.1938775510204083,0.717948717948718,0.7857142857142857,0.5909090909090908,1.1025641025641024,1.6046511627906979,1.4492753623188406,1.1199999999999999,1.1785714285714286,1.0378787878787876,1.0875912408759125,1.3758389261744965,1.3853658536585365,0.9753521126760565,1.1805054151624548
Saint Helena,0.0,0.0,0.0,0.0,0.0,0.0,0.0,0.0,0.0,0.0,0.0,0.0,0.0,0.0,0.0,0.0,0.0,0.0,0.0,0.0,0.0,0.0,0.0,0.0,0.0,0.0,0.0,0.0,0.0,0.0,0.0,0.0,0.0,0.0,0.0,0.0,0.0
Saint Kitts and Nevis,0.0,0.0,0.0,0.0,0.0,0.0,0.0,0.0,0.0,0.0,0.0,0.0,0.0,0.0,0.0,0.0,0.0,0.0,0.0,0.0,0.0,0.0,0.0,0.0,0.0,0.0,0.0,0.0,0.0,0.0,0.0,0.0,0.0,0.0,0.0,0.0,0.0
Saint Lucia,0.0,0.0,0.0,0.0,0.0,0.0,0.0,0.0,0.0,0.0,0.0,0.0,0.0,0.0,0.0,0.0,0.0,0.0,0.0,0.0,0.0,0.0,0.0,0.0,0.0,0.0,0.0,0.0,0.0,0.0,0.0,0.0,0.0,0.0,0.0,0.0,0.0
Saint Pierre and Miquelon,0.0,0.0,0.0,0.0,0.0,0.0,0.0,0.0,0.0,0.0,0.0,0.0,0.0,0.0,0.0,0.0,0.0,0.0,0.0,0.0,0.0,0.0,0.0,0.0,0.0,0.0,0.0,0.0,0.0,0.0,0.0,0.0,0.0,0.0,0.0,0.0,0.0
Saint Vincent/Grenadines,1.0,1.0588235294117647,1.0,1.222222222222222,1.1818181818181819,1.076923076923077,1.1071428571428572,1.1290322580645162,1.0285714285714287,0.6666666666666666,0.5416666666666666,1.5384615384615385,1.15,0.9130434782608696,1.0,1.0,1.0,1.0476190476190474,1.0,1.1363636363636365,0.7599999999999999,1.1578947368421053,0.9545454545454547,1.2857142857142858,0.9629629629629628,0.8846153846153847,0.9565217391304347,1.0454545454545454,1.0,1.1304347826086956,0.9615384615384617,1.0,0.96,1.0,1.0416666666666667,1.0,1.0399999999999998
Samoa,1.0,1.7142857142857144,1.0,1.3333333333333333,1.0625,1.1764705882352942,0.9000000000000001,1.0,1.111111111111111,1.0,1.0,1.25,1.0,1.0,1.0399999999999998,1.153846153846154,1.1,1.1515151515151514,1.131578947368421,0.8139534883720931,1.3714285714285712,1.2916666666666667,0.870967741935484,0.9259259259259258,1.0,1.0199999999999998,1.019607843137255,1.0192307692307692,1.018867924528302,0.9814814814814813,1.0377358490566038,0.6727272727272728,0.8648648648648648,0.9375,1.0333333333333334,1.0,1.032258064516129
Sao Tome and Principe,1.0,1.142857142857143,0.75,1.3333333333333333,1.0,0.8749999999999999,1.142857142857143,1.0,1.0,1.0,1.0,1.0,1.0,1.0,1.0,1.0,1.0,0.8749999999999999,1.285714285714286,1.111111111111111,0.4,1.5,1.1666666666666665,0.8571428571428572,0.6666666666666666,2.0,1.25,0.8,0.8749999999999999,0.7142857142857144,1.2,1.0,1.0,1.0,1.3333333333333333,0.8749999999999999,1.0
Saudi Arabia,0.0,0.0,0.0,0.0,0.0,0.0,0.0,0.0,0.0,0.0,0.0,0.0,0.0,0.0,0.0,0.0,0.0,0.0,0.0,0.0,0.0,0.0,0.0,0.0,0.0,0.0,0.0,0.0,0.0,0.0,0.0,0.0,0.0,0.0,0.0,0.0,0.0
Senegal,0.0,0.0,0.0,0.0,0.0,0.0,0.0,0.0,0.0,0.044,1.0,1.0,1.0227272727272727,1.0,1.0222222222222221,1.0217391304347827,1.0212765957446808,1.0208333333333333,1.0204081632653061,1.0199999999999998,1.1764705882352942,4.333333333333334,1.4923076923076923,0.8556701030927836,0.9487951807228915,0.8952380952380952,0.7695035460992908,1.2350230414746544,1.0708955223880596,1.1289198606271778,1.021604938271605,1.0030211480362539,1.0963855421686746,1.0521978021978022,1.052219321148825,1.0397022332506203,0.9594272076372315
Seychelles,0.0,0.0,0.0,0.0,0.0,0.0,0.0,0.0,0.0,0.0,0.0,0.0,0.0,0.0,0.0,0.0,0.0,0.0,0.0,0.0,0.0,0.0,0.0,0.0,0.0,0.0,0.0,0.0,0.0,0.0,0.0,0.0,0.0,0.0,0.0,0.0,0.0
Sierra Leone,0.0,0.0,0.0,0.0,0.0,0.0,0.0,0.0,0.0,0.0,0.0,0.0,0.0,0.0,0.0,0.0,0.0,0.0,0.0,0.015,1.0,1.0666666666666667,1.0,1.0,1.125,0.2222222222222222,4.5,5.277777777777777,0.9157894736842105,1.413793103448276,1.2195121951219512,0.7733333333333334,0.8965517241379309,1.1730769230769231,1.0491803278688525,1.015625,1.0307692307692309
Singapore,0.0,0.0,0.0,0.0,0.0,0.0,0.0,0.0,0.0,0.17,2.88235294117647,1.0,1.0,1.0,1.0,1.0,1.0,1.0,1.0,1.0,1.930612244897959,1.0,1.0465116279069768,0.9676767676767677,0.9582463465553237,1.0392156862745097,1.020964360587002,1.0759753593429158,1.015267175572519,1.1033834586466167,1.027257240204429,1.0364842454394694,1.0856,1.04274134119381,1.0508833922261485,0.9697377269670476,1.0083217753120666
Solomon Islands,0.0,0.0,0.0,0.0,0.0,0.0,0.0,0.0,0.0,0.0,0.0,0.0,0.0,0.0,0.0,0.0,0.0,0.0,0.0,0.0,0.0,0.0,0.0,0.0,0.0,0.001,2.0,1.0,1.5,0.6666666666666666,1.5,1.0,1.0,1.3333333333333333,1.0,1.0,1.0
Somalia,0.0,0.0,0.0,0.0,0.0,0.0,0.0,0.0,0.0,0.0,0.0,0.0,0.0,0.0,0.0,0.0,0.0,0.0,0.0,0.0,0.0,0.0,0.01,0.0,0.0,0.0,0.0,0.0,0.0,0.0,0.0,0.0,0.0,0.0,0.0,0.0,0.0
South Africa,1.6693548387096773,0.6135265700483092,0.5856299212598425,0.9411764705882354,1.114285714285714,2.6009615384615388,0.9963031423290202,1.955473098330241,0.8725490196078431,0.3660746647335991,1.9603960396039604,0.3797979797979798,0.19414893617021275,7.356164383561644,0.4925512104283054,2.606805293005671,1.6229151559100798,0.8159070598748883,0.5054764512595838,1.787648970747562,1.4351515151515155,1.1047297297297296,0.39602446483180426,1.1611969111969112,1.3167082294264338,1.9804292929292928,0.3602167676123685,1.299115044247788,1.1355585831062667,1.4061187762447511,0.9790955631399317,0.6326797385620915,0.9683195592286501,0.8705547652916075,0.8594771241830066,0.9049429657794676,1.217436974789916
South Korea,1.4665367121507473,0.6911829862649534,1.4564102564102561,0.8705985915492959,1.5940343781597575,0.9762131303520457,1.2751786874593891,0.5011464968152867,1.4916115912557193,1.580436264485344,0.7442311839551435,0.8884381338742394,1.3649706457925634,0.5549677419354839,1.2841113608377035,0.9397666309012875,1.0218035079707144,1.4997189118221148,0.981140861466822,0.9641670621737065,1.0383952744277625,0.8134629059018728,1.486013986013986,0.9127450980392158,0.8442534908700322,0.9618320610687022,1.1026455026455027,0.8692418426103647,0.9406569141595362,1.3905516431924883,1.3038615741717658,0.894966823110536,1.0831826401446654,0.8138564273789649,1.0806153846153845,1.7334851936218678,1.0650459921156374
Spain,0.7471190347071586,1.2000635122261034,1.0292972441689032,1.1609739973556632,0.9956977001676631,0.8456235107227958,1.0351292455665764,1.2848535443359588,0.555552416734936,1.3135360520695616,1.071616599566429,0.7023336464128315,1.2775948976442753,1.1560449293449817,0.8429392303674037,1.690559801693865,0.8924242424242425,0.9811873596582508,0.7003990957550724,1.2501593879502708,1.357206604194556,0.6002677250416852,1.7275821596244132,0.7921733813438413,0.6092910234419668,1.36414394970206,1.0549288023663754,0.8857552737113235,1.1188574373320572,1.521581787077247,0.7670054054054056,0.7296611602864067,1.6585535465924894,1.0462380619613323,0.7611711009684962,1.2341757341757342,0.5998246196141631
Sri Lanka,1.0628415300546448,1.0224935732647815,0.7567567567567568,1.7184385382059801,1.1454809086515225,1.1042194092827005,0.823079862437906,1.193129062209842,1.0789883268482492,1.122971510998918,0.9906872190109185,0.9306320907617506,1.3089515848136535,1.0771687067589144,1.088685770750988,0.730428863172226,1.0602671637154397,1.1356577790799882,1.065015479876161,0.7667151162790697,0.972827804107425,0.8658655407599871,1.2239309827456861,0.8982531412810297,1.1661548959399524,1.1266822703335284,1.0150610231108803,1.0478383218214378,0.94921875,1.4431584362139922,0.8207093209766528,0.7118349619978284,2.097315436241611,0.6613818181818182,1.3120738948757424,0.7125377137110293,0.9522465302281815
Sudan,1.4929292929292932,1.0338294993234098,1.0,0.981675392670157,1.2186666666666668,1.0,1.0021881838074398,1.002183406113537,1.0087145969498912,1.0237580993520516,1.0843881856540085,1.04863813229572,1.0018552875695732,1.027777777777778,0.8666666666666666,1.104989604989605,0.9811853245531514,0.9904122722914669,1.15972894482091,1.0609348914858097,1.073957513768686,1.0212454212454212,0.9189383070301291,0.9648711943793912,1.1262135922330097,1.0747126436781609,1.0594919786096257,1.0075709779179811,2.0958046336881653,1.874813265610995,1.0395219123505974,1.0234554652767132,1.2534451767525465,1.0683556405353727,0.944854586129754,0.956671007458269,1.1596337086994186
Suriname,0.9343148357870894,1.273939393939394,0.6793529971455757,1.1848739495798317,1.1371158392434988,0.7858627858627858,0.42724867724867727,1.5015479876160993,2.241237113402062,1.0772769089236431,1.1895815542271562,1.031586503948313,1.0090466249130132,1.0089655172413794,0.8742310321257689,1.001563721657545,1.0062451209992194,1.0038789759503493,1.0131375579598145,0.5415713196033562,1.0211267605633803,1.0220689655172415,1.0148448043184886,1.0159574468085106,1.074607329842932,1.0499390986601707,1.0,1.0011600928074247,1.0,1.388180764774044,0.9774624373956595,0.9496157130657558,0.9919064748201438,1.0562103354487762,0.9502145922746781,0.9494128274616079,1.0009514747859183
Swaziland,1.0238095238095237,0.7286821705426356,0.6914893617021277,1.9846153846153847,1.4341085271317828,0.8162162162162162,1.2119205298013245,1.0601092896174864,1.1185567010309279,0.7004608294930875,1.3289473684210527,1.0,1.0,1.0,1.0297029702970295,1.0,1.0096153846153846,0.9904761904761905,0.9759615384615385,1.7684729064039406,1.0306406685236769,1.0729729729729731,0.7808564231738034,0.9709677419354839,1.2059800664451827,0.9614325068870523,1.0601719197707737,0.9297297297297297,1.0813953488372097,1.0107526881720428,1.1835106382978724,1.0157303370786517,0.9292035398230087,1.1523809523809523,0.8739669421487604,0.7494089834515367,1.003154574132492
Sweden,1.0176481578992065,0.9239885164908532,1.159796235413129,1.07315743567379,1.0426989448629191,0.8639115849839233,1.1741049850159506,0.974558129322648,1.0294150778675828,1.0092467205602746,0.8745103885718932,1.1726024425020147,1.006344087442672,0.7984003362183317,1.1489365202085835,0.764759109456654,1.3329688886559106,1.085561797752809,0.9555452051958808,1.1121642114384744,1.0018261504747992,0.8522906793048973,0.8247094888429457,1.1673553361802183,1.1912145850920455,0.8760319275910086,1.0807822767204553,1.045303533675627,0.9723502883057169,1.0293790858117362,0.9903233094030824,1.1619542487801786,0.801153963614153,1.0217145657767552,1.1552872828056713,0.8618370971834558,1.0493154718092155
Switzerland,1.087176035005049,1.0237545735997748,0.9751195909165887,0.8534494911049085,1.058141455518483,1.0295026692891263,1.0561620572537604,1.0318421959343056,0.8341542143195037,1.0108082863528705,1.0753770502623676,1.0218198557618536,1.0912121576165306,1.0934137010431288,0.9038437334810079,0.8252429888322612,1.184043264038877,0.9872149718531008,1.190432196783786,0.9267334416608058,1.118130430231341,0.8600149791695921,0.989821744455028,0.9732479172967474,0.9329058138877903,0.9987887230112347,1.12788406148622,1.0232251821187601,0.9914357020885327,1.0103341370995522,0.9074195494243228,1.1838203416283708,0.999633780121585,0.9931125439624853,1.0007623825684917,0.9159314869879337,0.9889192959862633
Syria,1.037884767166535,1.1136882129277565,0.9470809149880506,1.1867339581831289,1.0051640340218713,0.8555454820187368,1.0,0.9848110208406923,0.9842180774748924,0.9843294460641399,0.9837097371343947,0.9838163342115167,0.9831675592960979,0.9828793774319066,0.9837688044338876,1.0160965794768613,1.0194059405940594,1.0384615384615385,1.007482229704452,1.2001485332343111,1.0547648514851484,0.721325902024054,1.1236274908499388,1.5077813970322116,1.0357657225156025,0.9128621089223637,0.8824574765168826,0.826524741081703,0.6543682561782108,1.3824468085106385,1.263178145440554,0.9862930246725556,0.9274243360098827,0.7825507825507826,0.1880851063829787,2.1561085972850678,0.8174186778593915
Taiwan,1.6419965576592082,0.9974842767295599,1.0439260193358553,0.8878598751761627,1.3471655328798184,1.0215451944117153,0.898665348492338,0.8481848184818482,1.0406398616515347,1.3869962609056918,0.6387599221207128,1.6436107854630715,0.6459343794579173,1.2281360424028267,0.9874123359108076,1.0118375523584047,1.0662347012239022,1.186698176907495,0.8819345661450925,1.0035483870967743,1.1650594664095144,0.7668643950889779,1.0622414103255982,1.0462320067739204,1.1243120751052122,1.0289375179959688,1.087589198265006,0.9988421458896177,0.9175682637815561,1.095451993262212,0.9671963095848284,1.2041600423953367,0.9783254483441526,0.8996851102114257,1.032375,1.2186705412277514,0.8857426726279185
Tanzania,1.0324214792299897,1.0088321884200198,1.0350194552529184,1.0281954887218046,1.0182815356489945,0.959605026929982,1.086997193638915,1.0611015490533564,1.1605839416058394,1.0719776380153738,1.1140808344198174,0.9561146869514335,1.028763769889841,0.879238548483046,1.031123139377537,1.1358267716535433,0.829000577700751,1.4334494773519162,1.0418084589207584,0.9897340177321513,1.2145214521452146,1.0454192546583851,0.9372447085035277,0.9243264659270999,0.7543934847835404,0.8079545454545454,1.757383966244726,1.0496198479391756,0.9965688143347311,1.029839326702372,0.7421991084695393,0.8848848848848849,0.9734162895927603,1.5026147588611274,0.8151585460170147,1.1209677419354838,0.9936521371138385
Thailand,2.335714285714286,1.290180088345226,0.9539109823544903,1.1151297625621204,0.9046793760831889,1.504105090311987,0.733806404657933,0.9273493677163401,1.4745989304812832,0.8932003626473256,0.9218432805521722,0.9242457608456287,0.8727662616154396,1.2200382200382196,1.5515775341239657,1.1721949812518027,0.9191683070866141,0.7286842457502343,0.8019838354151361,1.483050847457627,1.0396911196911198,1.200534759358289,1.036500866122247,0.8666587083681508,1.0011019283746556,1.3075123830489819,1.0328317373461011,0.9833927661742231,1.0519063406547866,0.8738303949571554,1.3943868349864743,1.056583946326085,0.9482824573483284,1.0208148446954417,0.959614320714455,2.056251029484434,0.9962750831097048
The Bahamas,0.0,0.0,0.0,0.0,0.0,0.0,0.0,0.0,0.0,0.0,0.0,0.0,0.0,0.0,0.0,0.0,0.0,0.0,0.0,0.0,0.0,0.0,0.0,0.0,0.0,0.0,0.0,0.0,0.0,0.0,0.0,0.0,0.0,0.0,0.0,0.0,0.0
Togo,1.0,1.5,0.3333333333333333,2.0,2.0,1.0,1.0,1.0,1.25,1.0,2.031578947368421,0.6632124352331606,1.796875,0.6434782608695653,1.7229729729729728,0.7450980392156863,0.4894736842105263,1.8494623655913978,1.180232558139535,0.4876847290640394,0.5050505050505051,1.7199999999999998,1.430232558139535,0.6666666666666666,0.9146341463414634,1.24,1.0860215053763442,0.9108910891089108,1.2282608695652175,0.8495575221238938,1.1458333333333333,0.8454545454545455,0.8064516129032258,1.6533333333333333,0.48387096774193544,3.4499999999999997,1.0048309178743962
Tonga,0.0,0.0,0.0,0.0,0.0,0.0,0.0,0.0,0.0,0.0,0.0,0.0,0.0,0.0,0.0,0.0,0.0,0.0,0.0,0.0,0.0,0.0,0.0,0.0,0.0,0.0,0.0,0.0,0.0,0.0,0.0,0.0,0.0,0.0,0.0,0.0,0.0
Trinidad and Tobago,0.7200000000000001,0.9444444444444444,0.8823529411764705,0.8,1.3333333333333333,1.5625,1.16,0.8965517241379309,0.9615384615384617,1.24,0.8064516129032259,1.2,0.9333333333333333,1.1428571428571428,1.03125,0.5151515151515151,1.0588235294117647,1.0,1.0,1.111111111111111,1.45,0.8965517241379309,0.46153846153846156,1.9166666666666665,0.9565217391304347,1.1818181818181819,0.7307692307692308,1.0526315789473684,0.95,0.0,0.0,0.0,0.0,0.0,0.0,0.0,0.0
Tunisia,1.2608695652173914,1.3448275862068966,0.7692307692307692,2.2,1.6363636363636362,0.4722222222222222,2.196078431372549,0.41964285714285715,0.723404255319149,1.2941176470588234,2.3636363636363638,0.6153846153846154,0.984375,0.6349206349206349,1.025,1.707317073170732,1.0285714285714287,1.0416666666666665,1.2533333333333334,0.6702127659574468,0.8412698412698413,1.1886792452830188,2.603174603174603,0.926829268292683,0.9473684210526317,0.6319444444444443,0.5384615384615385,0.6122448979591836,2.6,0.6410256410256411,1.08,2.018518518518518,0.5412844036697247,0.9322033898305085,1.2363636363636366,0.6617647058823529,0.3777777777777778
Turkey,1.0996633593196314,1.112543301377588,0.8059377262853006,1.1850853548966755,0.8962850644427597,0.9843512096092033,1.573773309272149,1.5532925630665064,0.6190459450908707,1.3013628620102216,0.9815420866605575,1.171379034409176,1.277733500322593,0.9009118721596815,1.1673865022584156,1.136635788522368,0.9867276251056005,1.0588204928303497,0.8196165736493141,0.893421930766329,0.7794738551477752,1.3966666666666667,1.0469272076372316,1.3030233949790555,0.8591641699652285,1.1188179295950313,0.8123307928563305,0.9285834313560745,1.0839063819519847,1.4405086537926428,0.9951515385655508,1.1118055825148492,1.0321414853870596,0.6908946362421556,1.6432611090708777,1.0182660647506667,0.8771380496012876
Turks and Caicos Islands,0.0,0.0,0.0,0.0,0.0,0.0,0.0,0.0,0.0,0.0,0.0,0.0,0.0,0.0,0.0,0.0,0.0,0.0,0.0,0.0,0.0,0.0,0.0,0.0,0.0,0.0,0.0,0.0,0.0,0.0,0.0,0.0,0.0,0.0,0.0,0.0,0.0
U.S. Pacific Islands,0.0,0.0,0.0,0.0,0.016,1.875,1.0,1.0,1.0,1.0,1.0,0.0,0.0,0.0,0.0,0.0,0.0,0.0,0.0,0.0,0.0,0.0,0.0,0.0,0.0,0.0,0.0,0.0,0.0,0.0,0.0,0.0,0.0,0.0,0.0,0.0,0.0
U.S. Virgin Islands,0.0,0.0,0.0,0.0,0.0,0.0,0.0,0.0,0.0,0.0,0.0,0.0,0.0,0.0,0.0,0.0,0.0,0.0,0.0,0.0,0.0,0.0,0.0,0.0,0.0,0.0,0.0,0.0,0.0,0.0,0.0,0.0,0.0,0.0,0.0,0.0,0.0
Uganda,0.8104265402843602,1.0818713450292399,0.9243243243243242,1.1929824561403508,1.0261437908496733,1.019108280254777,0.9562499999999999,0.9493464052287581,1.1669535283993115,1.1224188790560472,1.009198423127464,1.2669270833333333,0.9845837615621789,1.0407098121085596,1.0381143430290871,1.0695652173913044,1.1201445347786811,1.0120967741935483,1.0023904382470121,1.2567567567567568,0.9974699557242251,1.0811667723525682,1.0527859237536656,1.0779944289693595,0.9746770025839793,0.6415694591728526,1.194214876033058,1.2048442906574395,0.8914417001723146,0.9600515463917527,1.1583892617449665,1.5440324449594438,1.2938086303939962,1.0249419953596288,0.9742501414827391,1.0241068835318037,1.0306296086216677
United Arab Emirates,0.0,0.0,0.0,0.0,0.0,0.0,0.0,0.0,0.0,0.0,0.0,0.0,0.0,0.0,0.0,0.0,0.0,0.0,0.0,0.0,0.0,0.0,0.0,0.0,0.0,0.0,0.0,0.0,0.0,0.0,0.0,0.0,0.0001,60.0,1.0,1.0,1.0
United Kingdom,1.1142565672022444,1.0398260471503777,1.0011005943209332,0.8777484608619173,1.0220440881763526,1.1683823529411765,1.3205370253828403,0.9852263701350279,0.9812963560141889,0.9525139664804472,0.9159910298430219,1.199058380414313,0.8796921627139939,1.2342438850205317,0.990018805149718,0.8153126826417302,1.2043010752688172,1.2357142857142858,1.116329479768786,1.0237324703344122,1.1655426765015806,1.1469125757164813,0.9577486993536182,1.1789300411522634,1.154077073443172,0.980823906599722,0.9968545701245836,1.0164573408401907,1.073711120579463,0.9770975056689343,1.2064864237642146,1.0640057706179369,1.1184579228057487,1.2503333737422717,1.2619093788378255,1.0297853813450804,1.0416573403964284
United States,0.0,0.0,0.0,0.005,2.1999999999999997,1.272727272727273,0.7142857142857143,0.9000000000000001,31.11111111111111,1.4285714285714286,1.2725,0.8664047151277013,1.1496598639455782,1.0591715976331362,1.031657355679702,1.0595667870036103,0.9965928449744461,1.0017094017094017,1.0102389078498295,1.0202702702702702,1.119205298013245,1.054733727810651,1.0084151472650773,1.1182197496522948,1.11181592039801,1.1286497371070587,1.3077609277430866,1.5170532060027284,1.2088828936850522,1.4972103979832208,1.557634978469692,1.856760588339536,1.6384511868062648,1.6848233841278717,1.3494884817640898,1.4056727522404577,1.4084459551821238
Uruguay,1.1204979991107158,0.9607142857142856,2.938868236266006,0.9884750527055517,0.9077207450590076,1.1304824561403508,0.9957045863932382,0.7464514333426107,0.7197986577181209,1.8122248122248124,0.8729455480920393,1.2946954813359526,0.9210925644916541,1.0227896760021966,0.7838926174496644,0.9847602739726028,1.1218918448965398,1.4111903285802851,0.6031850631521143,1.277494537509104,1.3028791334093501,1.0371950552455969,0.8948423162113701,0.5621169259783121,1.3958901237156636,0.5422863151569776,2.2506925207756234,0.6514461538461537,1.1335726431135464,1.5798333333333332,0.7675915180926258,0.876580538757559,1.442928817811226,1.1925459089427362,0.9085193621867882,0.9598836626216026,0.9706404764392434
Vanuatu,0.0,0.0,0.0,0.0,0.0,0.0,0.0,0.0,0.0,0.0,0.0,0.0,0.0,0.0,0.0,0.0,0.0,0.0,0.0,0.0,0.0,0.0,0.0,0.0,0.0,0.0,0.0,0.0,0.0,0.0,0.001,3.0,1.0,1.0,1.3333333333333333,0.5,0.05
Venezuela,1.0342845269427898,1.0603361682180406,1.156246052797777,1.0629233122132402,1.1215313463514902,1.1412142038946163,1.225960573332798,1.108924185361061,1.013525885236703,1.0668434394941577,1.2041624559582662,1.0612638359644349,1.004381371689927,1.0801591692556498,1.003250526979374,1.0467344774771237,1.0635763328705963,1.0120116412382045,1.0448445343000554,1.037515221271414,0.9621692015820444,0.9848776004678753,1.0167458432304037,1.1576417975203164,1.1020987689912647,1.0565939024549744,1.0178748266983564,1.0455440969012988,0.9898689123329418,0.8931869991304552,1.0897358311845498,0.9801407651539845,1.018746612799921,0.7694958287994198,1.1650561709482286,0.8405799055967632,1.030002085706493
Vietnam,1.0833333333333333,1.0388500388500388,1.0366492146596857,1.0533910533910535,1.034246575342466,1.0490066225165564,1.0467171717171717,1.0657418576598312,2.126768534238823,1.4185737094199042,1.175014068655036,1.1424010217113671,1.0992174399105643,1.1598016781083142,1.1483064781321934,1.1347842688048873,0.9707267833109017,0.9518197573656848,1.2414420975965037,1.0563948371956586,1.2515098923984727,0.999334368759707,1.0432948490230907,0.9304639284954246,1.1952655955171823,0.9696230386528893,1.1037051655237062,1.152429484600599,1.1536790659788216,0.9188716672830581,1.4844859129162093,1.2896896798205615,0.9841181866829753,1.151651680810984,0.9556507369060065,1.1492977131564088,1.0785009135154224
Wake Island,0.0,0.0,0.0,0.0,0.0,0.0,0.0,0.0,0.0,0.0,0.0,0.0,0.0,0.0,0.0,0.0,0.0,0.0,0.0,0.0,0.0,0.0,0.0,0.0,0.0,0.0,0.0,0.0,0.0,0.0,0.0,0.0,0.0,0.0,0.0,0.0,0.0
Western Sahara,0.0,0.0,0.0,0.0,0.0,0.0,0.0,0.0,0.0,0.0,0.0,0.0,0.0,0.0,0.0,0.0,0.0,0.0,0.0,0.0,0.0,0.0,0.0,0.0,0.0,0.0,0.0,0.0,0.0,0.0,0.0,0.0,0.0,0.0,0.0,0.0,0.0
Yemen,0.0,0.0,0.0,0.0,0.0,0.0,0.0,0.0,0.0,0.0,0.0,0.0,0.0,0.0,0.0,0.0,0.0,0.0,0.0,0.0,0.0,0.0,0.0,0.0,0.0,0.0,0.0,0.0,0.0,0.0,0.0,0.0,0.0,0.0,0.0,0.0,0.0
Zambia,1.0739178690344062,1.024493592393551,1.00171491980228,0.9851963746223564,1.007053051211285,0.9840641494112871,0.8615781330582775,0.9925775170597391,0.8083463997105296,1.1535362578334825,0.9979304100375113,0.9932598833441346,1.0003914915829313,1.0002608922515,1.0161711006781433,0.9038757700205335,1.1084765014908422,0.9560650698091454,1.0229099678456592,1.010085134250164,1.0182831950207467,1.0263593531134598,1.0189826302729528,1.02447339583587,1.0497979557879724,1.0880787954262425,0.9961502445114971,0.9881972007520368,1.0396364020716626,1.0568320455469702,1.0996632996632996,1.075496457002887,1.074833251992842,1.0574390797638868,0.9289343734344808,0.846764252696456,1.1058138476935677
Zimbabwe,1.02672718103883,0.8762278978388998,1.0355941704035874,0.9261163734776726,0.8956750438340152,1.0185970636215333,0.7943625880845612,1.0721774193548386,1.2670176758179768,1.113683585633719,0.9400319829424308,0.8165579812872129,0.6131944444444445,0.9218573046432615,1.1142506142506143,1.1802646085997794,0.9817842129845866,0.8853472882968602,1.569048898441698,1.1051369863013698,0.9197396963123644,1.2756064690026954,1.40121500264131,1.0303487276154573,0.8902305159165753,1.080353473078504,1.0136960243484874,1.07524863951961,0.9528795811518324,1.0686813186813187,0.9048843187660669,1.0424242424242423,0.928779069767442,1.0800078247261344,0.9179496468031155,0.612075769534333,1.3152804642166345
