year,Afghanistan,Albania,Algeria,American Samoa,Angola,Antarctica,Antigua and Barbuda,Argentina,Australia,Austria,Bahrain,Bangladesh,Barbados,Belgium,Belize,Benin,Bermuda,Bhutan,Bolivia,Botswana,Brazil,British Virgin Islands,Brunei,Bulgaria,Burkina Faso,Burundi,Cambodia,Cameroon,Canada,Cape Verde,Cayman Islands,Central African Republic,Chad,Chile,China,Colombia,Comoros,Congo-Brazzaville,Congo-Kinshasa,Cook Islands,Costa Rica,Cote dIvoire,Cuba,Cyprus,Denmark,Djibouti,Dominica,Dominican Republic,Ecuador,Egypt,El Salvador,Equatorial Guinea,Ethiopia,Falkland Islands,Faroe Islands,Fiji,Finland,France,French Guiana,French Polynesia,Gabon,"Gambia, The",Ghana,Gibraltar,Greece,Greenland,Grenada,Guadeloupe,Guam,Guatemala,Guinea,Guinea-Bissau,Guyana,Haiti,Honduras,Hong Kong,Hungary,Iceland,India,Indonesia,Iran,Iraq,Ireland,Israel,Italy,Jamaica,Japan,Jordan,Kenya,Kiribati,Kuwait,Laos,Lebanon,Lesotho,Liberia,Libya,Luxembourg,Macau,Madagascar,Malawi,Malaysia,Maldives,Mali,Malta,Martinique,Mauritania,Mauritius,Mexico,Mongolia,Montserrat,Morocco,Mozambique,Myanmar,Nauru,Nepal,Netherlands,Netherlands Antilles,New Caledonia,New Zealand,Nicaragua,Niger,Nigeria,Niue,North Korea,Norway,Oman,Pakistan,Panama,Papua New Guinea,Paraguay,Peru,Philippines,Poland,Portugal,Puerto Rico,Qatar,Reunion,Romania,Rwanda,Saint Helena,Saint Kitts and Nevis,Saint Lucia,Saint Pierre and Miquelon,Saint Vincent/Grenadines,Samoa,Sao Tome and Principe,Saudi Arabia,Senegal,Seychelles,Sierra Leone,Singapore,Solomon Islands,Somalia,South Africa,South Korea,Spain,Sri Lanka,Sudan,Suriname,Swaziland,Sweden,Switzerland,Syria,Taiwan,Tanzania,Thailand,The Bahamas,Togo,Tonga,Trinidad and Tobago,Tunisia,Turkey,Turks and Caicos Islands,U.S. Pacific Islands,U.S. Virgin Islands,Uganda,United Arab Emirates,United Kingdom,United States,Uruguay,Vanuatu,Venezuela,Vietnam,Wake Island,Western Sahara,Yemen,Zambia,Zimbabwe
1980,0.374,0.595,2.306,0.03,0.6,0.0,0.024,12.909,24.142,12.93,0.588,0.99,0.094,11.013,0.021,0.015,0.11800000000000001,0.015,0.508,0.133,31.605999999999998,0.005,0.158,8.963,0.039,0.009000000000000001,0.04,0.423,79.186,0.003,0.016,0.038,0.028999999999999998,3.2089999999999996,65.87100000000001,4.636,0.004,0.11800000000000001,1.72,0.006,0.609,1.028,2.7560000000000002,0.26899999999999996,7.072,0.035,0.005,0.96,1.194,4.957,0.40399999999999997,0.005,0.243,0.001,0.048,0.11199999999999999,10.954,63.416000000000004,0.031,0.069,0.175,0.013000000000000001,1.06,0.022000000000000002,5.324,0.085,0.008,0.115,0.221,0.5,0.166,0.006999999999999999,0.163,0.126,0.22399999999999998,3.342,5.392,0.68,34.379,5.211,11.832,1.4140000000000001,3.082,3.127,46.245,0.74,142.766,0.522,0.526,0.002,2.846,0.175,0.6679999999999999,0.0,0.332,1.175,1.3,0.106,0.102,0.146,3.089,0.002,0.08199999999999999,0.127,0.065,0.069,0.243,16.712,0.43200000000000005,0.004,1.5930000000000002,1.7930000000000001,0.6920000000000001,0.01,0.078,17.293,0.35,0.36700000000000005,5.6770000000000005,0.365,0.037000000000000005,2.5069999999999997,0.001,6.5,20.012,0.479,3.763,0.5660000000000001,0.322,0.24,3.238,4.05,24.723000000000003,4.437,4.3,0.685,0.132,16.109,0.044000000000000004,0.0,0.015,0.016,0.01,0.01,0.013000000000000001,0.005,7.359,0.18,0.019,0.084,2.01,0.012,0.049,20.548000000000002,9.013,29.923000000000002,0.522,0.31,0.409,0.08199999999999999,28.316999999999997,15.535,1.104,9.61,0.42,4.458,0.307,0.033,0.006,0.8320000000000001,0.929,5.107,0.004,0.045,0.341,0.163,1.3030000000000002,73.608,577.614,0.9440000000000001,0.01,9.225,1.17,0,0.055999999999999994,0.23399999999999999,1.607,1.12
1981,0.42700000000000005,0.62,2.8089999999999997,0.032,0.6,0.0,0.026000000000000002,13.445,25.938000000000002,13.888,0.588,1.031,0.094,10.977,0.021,0.015,0.11800000000000001,0.015,0.517,0.133,35.84,0.005,0.24,8.963,0.055,0.012,0.04,0.5529999999999999,81.597,0.004,0.02,0.037000000000000005,0.028999999999999998,3.3569999999999998,69.13,4.861000000000001,0.005,0.11800000000000001,1.72,0.006,0.643,1.163,2.975,0.33299999999999996,7.665,0.038,0.005,0.96,1.335,5.165,0.405,0.005,0.243,0.001,0.048,0.113,10.852,70.59100000000001,0.034,0.069,0.215,0.013000000000000001,1.06,0.023,5.962000000000001,0.087,0.008,0.145,0.221,0.49700000000000005,0.166,0.006999999999999999,0.172,0.126,0.244,3.6060000000000003,5.395,0.762,37.376,5.861000000000001,11.908,1.744,3.332,3.477,47.293,0.74,150.205,0.642,0.526,0.002,3.446,0.175,0.7090000000000001,0.0,0.332,1.18,1.278,0.10400000000000001,0.102,0.146,3.142,0.002,0.08199999999999999,0.152,0.07,0.069,0.243,19.592,0.43200000000000005,0.004,1.744,1.7930000000000001,0.722,0.01,0.138,17.684,0.35,0.371,5.687,0.364,0.05,2.755,0.001,7.0,21.544,0.611,4.123,0.564,0.434,0.294,3.377,4.497,24.736,4.624,4.1,0.805,0.136,16.612000000000002,0.057999999999999996,0.0,0.015,0.016,0.017,0.01,0.017,0.005,9.145,0.188,0.019,0.084,2.106,0.012,0.049,23.859,9.413,31.561999999999998,0.562,0.32299999999999995,0.415,0.087,28.495,15.55,1.808,10.807,0.431,4.877,0.361,0.033,0.006,0.76,0.9490000000000001,5.526,0.004,0.045,0.341,0.163,3.033,69.098,597.313,1.364,0.01,10.125,1.18,0,0.055999999999999994,0.23399999999999999,1.607,1.12
1982,0.42700000000000005,0.64,3.187,0.028999999999999998,0.6,0.0,0.026000000000000002,14.163,28.016,14.243,0.738,1.025,0.094,12.047,0.021,0.015,0.11800000000000001,0.016,0.562,0.152,37.915,0.01,0.24,9.505,0.055,0.022000000000000002,0.035,0.5920000000000001,84.17,0.004,0.023,0.043,0.028999999999999998,3.344,72.36,5.6160000000000005,0.005,0.11800000000000001,1.72,0.006,0.8170000000000001,1.163,3.0,0.39299999999999996,7.894,0.038,0.006,0.96,1.8330000000000002,4.947,0.405,0.005,0.243,0.001,0.048,0.19699999999999998,11.062999999999999,73.613,0.051,0.07400000000000001,0.22,0.013000000000000001,1.065,0.023,5.979,0.08800000000000001,0.008,0.183,0.221,0.7170000000000001,0.166,0.006999999999999999,0.168,0.126,0.243,4.032,5.454,0.903,40.719,6.43,12.522,2.33,3.417,3.787,49.465,0.74,153.671,0.5720000000000001,0.514,0.002,4.03,0.225,0.7090000000000001,0.0,0.332,1.26,1.229,0.13699999999999998,0.204,0.161,3.318,0.003,0.08199999999999999,0.187,0.075,0.069,0.243,20.59,0.522,0.004,1.896,1.806,0.78,0.01,0.16,17.379,0.35,0.36700000000000005,5.685,0.36,0.063,2.872,0.001,7.5,22.369,0.644,4.784,0.585,0.45,0.294,3.424,4.842,25.994,5.307,4.1,0.865,0.139,17.47,0.059000000000000004,0.002,0.015,0.016,0.017,0.01,0.017,0.006,10.974,0.191,0.019,0.085,2.6910000000000003,0.013000000000000001,0.054000000000000006,23.959,9.823,32.201,0.5920000000000001,0.368,0.415,0.075,30.569000000000003,15.564,1.9669999999999999,12.595,0.439,5.547999999999999,0.406,0.034,0.006,0.76,0.9840000000000001,6.638999999999999,0.004,0.048,0.341,0.162,3.574,69.166,612.5930000000001,1.339,0.01,10.875,1.19,0,0.055999999999999994,0.254,1.607,1.12
1983,0.45,0.69,3.4360000000000004,0.025,0.6,0.0,0.026000000000000002,15.208,28.635,14.465,1.047,1.087,0.094,12.565999999999999,0.021,0.015,0.13699999999999998,0.016,0.47100000000000003,0.154,38.96,0.01,0.24,9.67,0.057999999999999996,0.027000000000000003,0.035,0.5920000000000001,86.911,0.004,0.027999999999999997,0.043,0.028999999999999998,3.352,76.44,6.255,0.005,0.11800000000000001,1.72,0.006,0.8190000000000001,1.163,3.111,0.389,7.7170000000000005,0.048,0.006,0.96,1.778,5.782,0.59,0.005,0.253,0.004,0.068,0.18899999999999997,11.189,77.747,0.06,0.076,0.25,0.013000000000000001,1.065,0.021,5.9879999999999995,0.08800000000000001,0.008,0.2,0.221,0.735,0.166,0.006999999999999999,0.168,0.126,0.285,4.734,5.834,0.903,44.941,7.062,13.025,2.9,3.397,4.137,50.935,0.6990000000000001,159.575,0.7,0.514,0.002,5.23,0.225,0.8190000000000001,0.0,0.332,1.3,1.232,0.13699999999999998,0.205,0.158,3.679,0.003,0.08199999999999999,0.177,0.08199999999999999,0.105,0.27399999999999997,21.299,0.622,0.004,1.943,1.806,0.816,0.01,0.17,17.201,0.35,0.36700000000000005,6.225,0.359,0.063,3.1919999999999997,0.001,8.5,22.951999999999998,0.904,4.787,0.879,0.47,0.644,3.502,5.37,26.833000000000002,5.632999999999999,4.1,0.905,0.141,17.988,0.059000000000000004,0.002,0.015,0.016,0.017,0.01,0.017,0.006,12.123,0.207,0.019,0.086,2.6910000000000003,0.013000000000000001,0.06,24.559,12.589,34.169000000000004,0.812,0.39,0.415,0.076,30.64,15.562999999999999,2.8339999999999996,13.177999999999999,0.439,6.742000000000001,0.406,0.034,0.006,0.982,1.13,6.935,0.004,0.048,0.341,0.162,3.7460000000000004,68.23899999999999,619.675,1.301,0.011000000000000001,12.499,1.22,0,0.055999999999999994,0.254,1.607,1.12
1984,0.45,0.71,3.5460000000000003,0.025,0.6,0.0,0.026000000000000002,15.975,31.23,14.799000000000001,1.062,1.2890000000000001,0.094,12.309000000000001,0.021,0.015,0.149,0.016,0.469,0.13,39.87,0.01,0.24,10.115,0.077,0.032,0.035,0.623,93.245,0.006,0.031,0.043,0.028999999999999998,3.967,80.117,6.85,0.005,0.11800000000000001,2.17,0.006,0.8190000000000001,1.163,3.2289999999999996,0.389,8.08,0.057999999999999996,0.006,0.96,1.795,6.726,0.626,0.005,0.253,0.005,0.068,0.20199999999999999,11.314,84.429,0.071,0.079,0.25,0.013000000000000001,1.185,0.021,6.537999999999999,0.08800000000000001,0.008,0.24600000000000002,0.221,0.769,0.166,0.006999999999999999,0.114,0.126,0.285,5.268,6.16,0.904,49.309,7.82,13.404000000000002,3.4,3.327,4.137,53.489,0.732,164.035,0.7120000000000001,0.514,0.002,5.23,0.225,0.8190000000000001,0.0,0.332,1.8,1.232,0.13699999999999998,0.22,0.158,4.0280000000000005,0.004,0.08199999999999999,0.192,0.086,0.105,0.27399999999999997,21.752,0.758,0.004,2.108,1.806,0.9159999999999999,0.01,0.171,16.586,0.35,0.36700000000000005,6.831,0.359,0.063,3.572,0.001,8.7,23.206,1.107,6.585,0.898,0.491,1.337,3.514,5.646,27.788,5.654,4.1,1.005,0.141,18.824,0.06,0.002,0.015,0.02,0.021,0.01,0.017,0.006,15.071,0.207,0.019,0.086,2.6910000000000003,0.013000000000000001,0.06,25.47,13.665,37.232,0.9490000000000001,0.45,0.415,0.08199999999999999,30.855,16.585,2.918,14.7,0.439,7.395,0.406,0.034,0.006,0.985,1.4140000000000001,8.445,0.004,0.052000000000000005,0.341,0.162,3.859,70.016,633.531,1.291,0.011000000000000001,15.511,1.45,0,0.055999999999999994,0.42,1.598,1.5390000000000001
1985,0.47,0.735,3.736,0.031,0.6,0.0,0.026000000000000002,16.172,32.695,15.100999999999999,1.082,1.307,0.095,14.112,0.022000000000000002,0.015,0.149,0.016,0.469,0.184,42.163999999999994,0.012,0.285,10.115,0.077,0.032,0.035,0.625,94.02600000000001,0.006,0.035,0.043,0.028999999999999998,3.987,87.045,7.098,0.005,0.11800000000000001,2.17,0.006,0.78,1.163,3.4189999999999996,0.389,8.52,0.057999999999999996,0.006999999999999999,0.96,1.8019999999999998,9.067,0.608,0.005,0.253,0.006,0.068,0.19699999999999998,11.312999999999999,86.311,0.075,0.079,0.261,0.013000000000000001,1.185,0.021,7.081,0.08800000000000001,0.008,0.253,0.221,0.769,0.17600000000000002,0.006999999999999999,0.114,0.146,0.285,5.58,6.165,0.905,53.522,8.604,13.404000000000002,4.1,3.195,4.137,55.135,0.732,168.03599999999997,0.986,0.514,0.002,5.23,0.225,0.8190000000000001,0.0,0.332,2.0,1.232,0.135,0.22,0.17,4.173,0.004,0.087,0.205,0.09,0.105,0.27399999999999997,22.982,0.843,0.004,2.26,1.806,0.9470000000000001,0.01,0.19,17.051,0.2,0.36700000000000005,7.289,0.35,0.063,4.192,0.001,8.7,23.651,1.157,6.875,0.894,0.456,1.635,3.748,5.849,29.039,6.007999999999999,4.2,1.005,0.151,19.574,0.06,0.002,0.015,0.02,0.024,0.01,0.017,0.006,15.249,0.207,0.024,0.102,2.741,0.013000000000000001,0.06,24.369,15.963,39.675,1.065,0.45,0.415,0.08199999999999999,33.165,16.56,2.918,16.79,0.439,7.73,0.406,0.034,0.006,0.985,1.4140000000000001,9.104,0.004,0.057,0.341,0.162,4.01,70.383,653.252,1.449,0.011000000000000001,18.194000000000003,1.55,0,0.055999999999999994,0.638,1.598,1.5390000000000001
1986,0.47,0.76,3.8360000000000003,0.031,0.605,0.0,0.026000000000000002,16.51,33.349000000000004,15.642999999999999,1.082,1.3869999999999998,0.1,14.138,0.022000000000000002,0.015,0.12300000000000001,0.188,0.469,0.184,42.968999999999994,0.012,0.28800000000000003,10.115,0.06,0.032,0.035,0.625,96.695,0.006999999999999999,0.044000000000000004,0.043,0.028999999999999998,4.033,93.82,6.872000000000001,0.005,0.11800000000000001,2.545,0.006,0.7709999999999999,1.163,3.532,0.35100000000000003,8.538,0.057999999999999996,0.008,1.065,1.956,11.54,0.608,0.005,0.252,0.006,0.068,0.2,11.640999999999998,92.23299999999999,0.08900000000000001,0.079,0.31,0.013000000000000001,1.185,0.021,7.476,0.087,0.008,0.26,0.221,0.7709999999999999,0.17600000000000002,0.008,0.114,0.146,0.285,5.952999999999999,6.6,0.907,56.585,9.794,13.404000000000002,6.1,3.7230000000000003,4.1419999999999995,54.646,0.74,173.468,0.9840000000000001,0.53,0.002,5.53,0.225,0.8190000000000001,0.0,0.332,2.8,1.232,0.159,0.21899999999999997,0.185,4.601,0.004,0.087,0.252,0.095,0.105,0.27899999999999997,23.333000000000002,0.877,0.004,2.239,1.806,0.9590000000000001,0.01,0.205,17.378,0.2,0.391,7.239,0.35,0.063,4.574,0.001,8.9,24.781,1.412,7.485,0.899,0.469,3.384,3.8710000000000004,6.093999999999999,29.774,6.452999999999999,4.2,1.005,0.175,20.392,0.06,0.002,0.015,0.02,0.024,0.01,0.017,0.006,15.581,0.207,0.024,0.083,3.3710000000000004,0.013000000000000001,0.07,26.695999999999998,17.787,40.224000000000004,1.071,0.45,0.415,0.085,33.078,16.67,3.0239999999999996,17.333,0.439,7.981,0.401,0.034,0.006,0.985,1.4140000000000001,10.097999999999999,0.004,0.057,0.316,0.162,4.234,69.477,662.8789999999999,1.449,0.011000000000000001,19.357,1.65,0,0.055999999999999994,0.638,1.598,1.5390000000000001
1987,0.489,0.767,3.9360000000000004,0.031,0.617,0.0,0.026000000000000002,16.517,34.593,16.421,1.04,1.875,0.132,14.052999999999999,0.023,0.048,0.12,0.263,0.606,0.184,45.556999999999995,0.013000000000000001,0.387,11.002,0.068,0.032,0.035,0.625,98.889,0.006999999999999999,0.048,0.043,0.028999999999999998,4.015,102.897,8.523,0.003,0.11800000000000001,2.8310000000000004,0.006,0.866,1.163,3.841,0.35100000000000003,8.452,0.085,0.008,1.405,1.966,9.579,0.608,0.005,0.36700000000000005,0.006,0.091,0.195,11.661,97.462,0.08900000000000001,0.079,0.31,0.013000000000000001,1.185,0.027000000000000003,8.01,0.087,0.008,0.318,0.221,0.7709999999999999,0.17600000000000002,0.008,0.114,0.153,0.29,6.614,6.824,0.909,61.964,10.8,13.404000000000002,8.0,3.88,4.1419999999999995,55.635,0.732,177.62900000000002,0.9840000000000001,0.53,0.002,6.856,0.225,0.8190000000000001,0.0,0.332,2.9,1.232,0.183,0.22,0.185,4.822,0.005,0.087,0.245,0.11,0.105,0.27899999999999997,25.104,0.889,0.004,2.239,1.806,0.983,0.01,0.207,17.375999999999998,0.2,0.25,7.24,0.353,0.063,4.574,0.001,9.5,25.583000000000002,1.4769999999999999,7.885,0.9420000000000001,0.485,4.434,4.006,6.125,30.11,6.846,4.22,1.005,0.18899999999999997,21.73,0.06,0.002,0.015,0.022000000000000002,0.024,0.01,0.017,0.006,16.861,0.231,0.024,0.098,3.3710000000000004,0.013000000000000001,0.07,29.628,17.685,42.172,1.208,0.45,0.415,0.109,32.986999999999995,16.704,3.23,17.465,0.439,8.052,0.401,0.09699999999999999,0.006999999999999999,0.985,1.4140000000000001,12.477,0.004,0.057,0.316,0.162,4.138,70.597,672.125,1.449,0.011000000000000001,17.444000000000003,1.75,0,0.055999999999999994,0.638,1.5830000000000002,1.6340000000000001
1988,0.489,0.777,4.656000000000001,0.033,0.617,0.0,0.026000000000000002,16.972,34.939,15.749,1.04,2.314,0.132,14.025,0.023,0.048,0.133,0.34700000000000003,0.609,0.184,47.537,0.013000000000000001,0.382,11.068,0.065,0.043,0.035,0.625,96.04899999999999,0.006999999999999999,0.059000000000000004,0.043,0.028999999999999998,4.079,115.49700000000001,9.331,0.005,0.11800000000000001,2.8310000000000004,0.006,0.873,1.173,3.988,0.47100000000000003,8.244,0.085,0.008,1.405,1.9140000000000001,10.312000000000001,0.608,0.005,0.405,0.006,0.091,0.2,11.892999999999999,100.535,0.08900000000000001,0.079,0.31,0.013000000000000001,1.186,0.027000000000000003,8.071,0.087,0.008,0.318,0.221,0.696,0.17600000000000002,0.01,0.114,0.153,0.29,7.452999999999999,7.072,0.91,67.76899999999999,11.950999999999999,16.546,9.6,3.8139999999999996,4.1419999999999995,56.102,0.732,180.828,1.052,0.674,0.002,7.577999999999999,0.225,1.199,0.0,0.332,3.0,1.232,0.183,0.22,0.185,4.917,0.005,0.087,0.25,0.11,0.105,0.302,26.128,0.9009999999999999,0.004,2.331,2.358,1.072,0.01,0.20199999999999999,17.471,0.2,0.275,7.24,0.353,0.063,4.574,0.001,9.5,25.689,1.4969999999999999,8.055,0.9420000000000001,0.49,5.484,4.012,6.2,28.256,6.91,4.22,1.105,0.22399999999999998,22.375999999999998,0.06,0.002,0.015,0.022000000000000002,0.024,0.01,0.019,0.006,16.909000000000002,0.231,0.024,0.126,3.38,0.012,0.07,31.475,18.579,42.838,1.238,0.45,0.415,0.11900000000000001,33.134,16.715,3.23,17.723,0.439,8.494,0.401,0.09699999999999999,0.006999999999999999,0.985,1.4140000000000001,14.503,0.004,0.052000000000000005,0.316,0.162,4.721,73.21600000000001,675.605,1.681,0.011000000000000001,18.52,1.85,0,0.055999999999999994,0.638,1.5830000000000002,1.6340000000000001
1989,0.494,0.777,4.657,0.033,0.617,0.0,0.026000000000000002,17.095,35.165,15.780999999999999,1.04,2.533,0.14,14.107999999999999,0.023,0.048,0.17,0.353,0.633,0.217,50.092,0.013000000000000001,0.382,10.972999999999999,0.065,0.043,0.035,0.627,97.163,0.006999999999999999,0.06,0.043,0.028999999999999998,4.079,126.63799999999999,8.793,0.005,0.11800000000000001,2.8310000000000004,0.006,0.8740000000000001,1.173,3.988,0.47100000000000003,8.546,0.085,0.008,1.4469999999999998,1.903,11.474,0.608,0.005,0.405,0.009000000000000001,0.091,0.2,11.806,99.958,0.095,0.079,0.31,0.013000000000000001,1.187,0.027000000000000003,8.296,0.087,0.009000000000000001,0.315,0.221,0.696,0.18600000000000003,0.011000000000000001,0.114,0.153,0.36,7.456,7.068,0.914,72.643,12.593,17.427,9.84,3.805,4.1419999999999995,55.69,0.732,185.76,1.048,0.677,0.002,7.602,0.225,1.22,0.0,0.251,4.1,1.232,0.183,0.22,0.185,4.967,0.005,0.087,0.25,0.11,0.105,0.302,27.362,0.9009999999999999,0.004,2.351,2.358,1.07,0.01,0.27399999999999997,17.320999999999998,0.2,0.253,6.921,0.35600000000000004,0.063,4.96,0.001,9.5,27.033,1.531,8.206,0.9520000000000001,0.49,5.832999999999999,4.141,6.266,28.096,7.337000000000001,4.23,1.1,0.22399999999999998,22.903000000000002,0.03,0.003,0.015,0.022000000000000002,0.024,0.013999999999999999,0.019,0.006,19.059,0.231,0.028999999999999998,0.126,3.38,0.012,0.07,32.417,19.602,43.553999999999995,1.2890000000000001,0.5,0.415,0.122,33.798,16.766,3.258,17.671,0.506,8.497,0.401,0.09699999999999999,0.006999999999999999,0.985,1.4140000000000001,15.790999999999999,0.004,0.052000000000000005,0.316,0.162,4.721,74.587,709.758,1.681,0.011000000000000001,18.52,1.95,0,0.055999999999999994,0.638,1.7,1.6340000000000001
1990,0.494,1.892,4.657,0.033,0.617,0.0,0.026000000000000002,17.112000000000002,38.119,14.114,1.04,2.52,0.14,13.937000000000001,0.023,0.048,0.14,0.36,0.7020000000000001,0.217,50.968,0.013000000000000001,0.382,10.954,0.07,0.043,0.045,0.627,103.652,0.018000000000000002,0.075,0.043,0.028999999999999998,4.418,137.891,8.849,0.005,0.11800000000000001,2.8310000000000004,0.006,0.893,1.173,3.988,0.47100000000000003,8.734,0.085,0.008,1.46,1.671,11.728,0.608,0.005,0.406,0.009000000000000001,0.091,0.2,12.237,103.228,0.125,0.079,0.31,0.017,1.187,0.027000000000000003,8.458,0.087,0.009000000000000001,0.32,0.221,0.7509999999999999,0.18600000000000003,0.011000000000000001,0.114,0.13699999999999998,0.584,8.342,7.11,0.898,75.712,12.779000000000002,17.952,8.972000000000001,3.807,4.14,55.961000000000006,0.736,193.68099999999998,1.048,0.784,0.002,7.473,0.256,1.22,0.0,0.11,4.6,1.234,0.221,0.22,0.185,5.037,0.013999999999999999,0.087,0.25,0.258,0.105,0.313,27.531999999999996,0.9009999999999999,0.004,2.4219999999999997,2.358,1.097,0.01,0.27399999999999997,17.315,0.2,0.253,6.806,0.35600000000000004,0.063,5.957999999999999,0.001,9.5,27.066999999999997,1.564,7.727,0.9570000000000001,0.49,6.5329999999999995,4.1819999999999995,6.34,27.663,7.234,4.23,1.105,0.22399999999999998,22.478,0.034,0.003,0.015,0.022000000000000002,0.024,0.013999999999999999,0.019,0.006,19.459,0.231,0.028999999999999998,0.126,3.6,0.012,0.07,33.853,19.625,43.397,1.2890000000000001,0.5,0.314,0.122,32.806999999999995,16.315,3.545,18.448,0.506,10.088,0.401,0.09699999999999999,0.006999999999999999,1.15,1.379,16.3,0.004,0.052000000000000005,0.316,0.162,4.7,73.082,720.7810000000001,1.681,0.011000000000000001,19.033,2.155,0,0.055999999999999994,0.622,1.7,2.0380000000000003
1991,0.494,1.892,5.369,0.033,0.617,0.0,0.026000000000000002,17.391,37.684,14.229000000000001,1.05,2.69,0.14,13.863,0.04,0.048,0.14,0.361,0.7020000000000001,0.217,52.05,0.013000000000000001,0.384,12.145999999999999,0.078,0.043,0.06,0.627,104.852,0.02,0.075,0.043,0.028999999999999998,5.1610000000000005,151.173,9.599,0.005,0.11800000000000001,2.8310000000000004,0.006,1.011,1.173,3.988,0.47100000000000003,9.112,0.085,0.008,1.46,1.6840000000000002,11.793,0.608,0.005,0.409,0.009000000000000001,0.091,0.2,12.344000000000001,104.165,0.155,0.079,0.31,0.028999999999999998,1.187,0.033,8.862,0.094,0.009000000000000001,0.324,0.221,0.7509999999999999,0.18600000000000003,0.011000000000000001,0.114,0.13699999999999998,0.584,8.387,7.053999999999999,0.924,79.158,12.879000000000001,18.154,5.808,3.8110000000000004,4.14,57.213,0.736,198.28799999999998,1.048,0.76,0.002,6.9079999999999995,0.256,1.22,0.0,0.11,4.6,1.234,0.26,0.22,0.185,6.06,0.013999999999999999,0.087,0.304,0.258,0.105,0.32,29.315,0.9009999999999999,0.004,2.455,2.358,1.103,0.01,0.275,17.243,0.2,0.253,6.7010000000000005,0.387,0.145,5.959,0.001,9.5,27.073,1.5390000000000001,8.344,0.9570000000000001,0.49,6.5329999999999995,4.172,6.768,28.076999999999998,7.284,4.23,1.105,0.292,22.268,0.034,0.003,0.015,0.032,0.024,0.013999999999999999,0.019,0.006,19.311,0.231,0.027999999999999997,0.126,3.8,0.012,0.07,36.238,19.715,43.61600000000001,1.409,0.5,0.314,0.122,33.236999999999995,16.4,3.592,20.208,0.506,11.135,0.401,0.09699999999999999,0.006999999999999999,1.15,1.379,17.180999999999997,0.004,0.052000000000000005,0.316,0.162,4.7,70.315,725.437,1.7480000000000002,0.011000000000000001,19.283,2.3,0,0.055999999999999994,0.7,1.7,2.0380000000000003
1992,0.494,1.892,5.369,0.033,0.617,0.0,0.026000000000000002,17.243,38.394,14.687000000000001,1.05,2.738,0.153,13.785,0.043,0.048,0.14,0.361,0.701,0.217,53.068999999999996,0.013000000000000001,0.41700000000000004,12.087,0.083,0.043,0.065,0.627,108.265,0.023,0.075,0.043,0.028999999999999998,5.172999999999999,166.532,11.024000000000001,0.005,0.11800000000000001,3.134,0.006,1.043,1.173,3.988,0.546,9.442,0.085,0.008,1.61,2.294,12.09,0.6459999999999999,0.005,0.409,0.009000000000000001,0.091,0.2,12.270999999999999,105.03200000000001,0.165,0.084,0.31,0.028999999999999998,1.187,0.033,8.912,0.094,0.009000000000000001,0.32799999999999996,0.311,0.7509999999999999,0.18600000000000003,0.011000000000000001,0.114,0.145,0.584,8.932,7.143,1.023,83.167,13.921,19.784000000000002,7.108,3.927,5.84,60.961999999999996,0.736,204.507,1.048,0.76,0.002,6.968,0.256,1.22,0.0,0.11,4.6,1.234,0.26,0.22,0.185,6.7,0.013999999999999999,0.087,0.304,0.258,0.105,0.331,29.697,0.9009999999999999,0.004,2.62,2.358,1.11,0.01,0.292,17.149,0.21,0.253,7.131,0.387,0.145,5.881,0.001,9.5,27.213,1.5390000000000001,9.357000000000001,0.9570000000000001,0.49,6.5329999999999995,4.152,6.917999999999999,28.456,8.013,4.23,1.11,0.299,22.268,0.034,0.003,0.015,0.033,0.027000000000000003,0.013999999999999999,0.019,0.006,19.258,0.231,0.027999999999999997,0.126,4.1,0.012,0.07,36.856,22.725,43.747,1.5830000000000002,0.5,0.314,0.122,33.486,16.465999999999998,3.6180000000000003,21.201,0.506,13.24,0.401,0.09699999999999999,0.006999999999999999,1.15,1.379,18.688,0.004,0.052000000000000005,0.316,0.162,4.756,67.51100000000001,731.681,2.0180000000000002,0.011000000000000001,18.912,2.935,0,0.055999999999999994,0.715,1.7,2.0380000000000003
1993,0.494,1.892,5.814,0.033,0.617,0.0,0.026000000000000002,18.115,39.518,14.617,1.05,2.948,0.153,13.785,0.046,0.048,0.14,0.361,0.7559999999999999,0.217,54.108000000000004,0.013000000000000001,0.469,12.087,0.075,0.043,0.07,0.627,107.838,0.026000000000000002,0.075,0.043,0.028999999999999998,5.205,183.549,12.185,0.005,0.11800000000000001,3.194,0.006,1.042,1.173,3.988,0.6659999999999999,9.679,0.085,0.008,1.61,2.4459999999999997,11.911,0.7659999999999999,0.005,0.409,0.009000000000000001,0.091,0.2,13.023,107.39299999999999,0.165,0.084,0.31,0.028999999999999998,1.187,0.033,8.766,0.105,0.012,0.37200000000000005,0.344,0.821,0.18600000000000003,0.011000000000000001,0.114,0.145,0.599,9.037,7.266,1.025,88.26899999999999,15.775,22.688000000000002,7.15,3.927,6.12,62.808,1.186,212.095,1.006,0.76,0.002,6.9879999999999995,0.25,1.22,0.0,0.07,4.6,1.234,0.26,0.22,0.185,6.857,0.013999999999999999,0.102,0.304,0.322,0.105,0.33799999999999997,31.252,0.9009999999999999,0.004,2.722,2.358,1.115,0.01,0.292,17.151,0.22,0.253,7.138999999999999,0.387,0.145,5.881,0.001,9.5,27.268,1.715,10.574000000000002,0.9590000000000001,0.49,6.5329999999999995,4.375,7.292000000000001,28.926,8.513,4.23,1.11,0.299,22.261,0.034,0.005,0.015,0.04,0.027000000000000003,0.013999999999999999,0.019,0.006,19.785999999999998,0.231,0.027999999999999997,0.126,4.513,0.012,0.07,37.646,26.258000000000003,43.855,1.557,0.5,0.314,0.13,33.538000000000004,16.58,3.735,21.408,0.506,14.295,0.401,0.09699999999999999,0.006999999999999999,1.15,1.379,20.305999999999997,0.004,0.052000000000000005,0.316,0.162,4.756,68.113,739.375,2.037,0.011000000000000001,18.965999999999998,3.41,0,0.055999999999999994,0.7240000000000001,1.681,2.148
1994,0.494,1.892,6.007000000000001,0.035,0.617,0.0,0.026000000000000002,19.199,41.141000000000005,14.783,1.05,2.978,0.153,14.630999999999998,0.048,0.06,0.14,0.361,0.804,0.217,55.493,0.013000000000000001,0.475,12.087,0.078,0.043,0.08,0.627,112.081,0.028999999999999998,0.075,0.043,0.028999999999999998,5.835,201.16400000000002,12.658,0.005,0.11800000000000001,3.194,0.006,1.045,1.173,3.988,0.624,9.995,0.085,0.008,1.6119999999999999,2.563,12.047,0.7659999999999999,0.005,0.419,0.009000000000000001,0.091,0.2,13.002,107.04700000000001,0.165,0.084,0.316,0.028999999999999998,1.187,0.03,8.846,0.106,0.012,0.37200000000000005,0.344,0.836,0.18600000000000003,0.011000000000000001,0.114,0.145,0.599,10.323,7.178999999999999,1.032,92.865,15.652999999999999,25.07,7.15,3.904,6.35,63.413000000000004,1.186,219.607,1.0659999999999998,0.763,0.002,6.9879999999999995,0.32,1.22,0.0,0.07,4.6,1.234,0.26,0.22,0.185,9.0,0.013999999999999999,0.114,0.304,0.322,0.105,0.33799999999999997,34.286,0.9009999999999999,0.004,3.7880000000000003,2.358,1.161,0.01,0.275,17.868,0.22,0.253,7.388,0.387,0.145,5.881,0.001,9.5,27.5,1.744,11.307,0.9570000000000001,0.455,6.5329999999999995,4.43,8.475,29.444000000000003,8.618,4.396,1.3030000000000002,0.299,22.06,0.034,0.004,0.016,0.044000000000000004,0.027000000000000003,0.013999999999999999,0.019,0.006,19.711,0.231,0.033,0.126,4.553,0.012,0.075,35.936,29.221999999999998,44.445,1.557,0.5,0.314,0.13,33.196,16.778,4.2010000000000005,20.726999999999997,0.5429999999999999,15.463,0.401,0.09699999999999999,0.006999999999999999,1.15,1.615,20.829,0.004,0.052000000000000005,0.316,0.162,5.29,68.184,748.395,2.2,0.011000000000000001,18.965999999999998,4.05,0,0.055999999999999994,0.726,1.681,2.148
1995,0.494,1.669,6.007000000000001,0.035,0.708,0.0,0.026000000000000002,20.168,41.788999999999994,14.675999999999998,1.08,3.284,0.153,14.613,0.07400000000000001,0.06,0.146,0.353,0.8029999999999999,0.217,56.885,0.013000000000000001,0.65,12.087,0.078,0.054000000000000006,0.085,0.82,112.916,0.032,0.076,0.043,0.028999999999999998,6.295,218.71200000000002,12.647,0.005,0.11800000000000001,2.574,0.01,1.168,1.173,3.988,0.6990000000000001,9.876,0.085,0.019,1.6119999999999999,2.55,12.978,0.857,0.005,0.419,0.009000000000000001,0.091,0.2,13.280999999999999,107.429,0.165,0.106,0.368,0.028999999999999998,1.187,0.03,8.865,0.106,0.025,0.39299999999999996,0.424,0.836,0.18600000000000003,0.011000000000000001,0.114,0.145,0.61,10.096,7.263,1.03,96.184,15.824000000000002,26.570999999999998,7.15,4.053999999999999,6.925,65.16,1.186,224.747,1.126,0.764,0.002,6.9879999999999995,0.315,1.22,0.0,0.025,4.6,1.245,0.312,0.228,0.18899999999999997,10.6,0.017,0.114,0.304,0.342,0.113,0.364,35.042,0.9009999999999999,0.004,3.827,2.209,1.3219999999999998,0.01,0.307,18.409000000000002,0.22,0.278,7.507000000000001,0.387,0.145,5.881,0.001,9.5,28.19,1.9580000000000002,12.088,0.9570000000000001,0.519,6.912999999999999,4.553,8.869,29.265,9.152000000000001,4.396,1.365,0.305,22.276,0.039,0.004,0.016,0.044000000000000004,0.027000000000000003,0.013999999999999999,0.025,0.01,19.855,0.231,0.033,0.084,4.678,0.012,0.075,37.76,32.533,45.629,1.5330000000000001,0.578,0.314,0.131,32.268,16.812,4.33,21.638,0.591,17.904,0.401,0.09699999999999999,0.006999999999999999,1.15,1.7380000000000002,20.923000000000002,0.004,0.052000000000000005,0.32299999999999995,0.193,5.39,69.758,753.6139999999999,2.142,0.011000000000000001,19.07,4.43,0,0.055999999999999994,0.7290000000000001,1.685,2.148
1996,0.49200000000000005,1.6840000000000002,6.039,0.035,0.596,0.0,0.026000000000000002,20.522,42.472,14.677,1.1,3.301,0.166,14.573,0.069,0.08,0.146,0.353,0.805,0.217,59.263000000000005,0.013000000000000001,0.7070000000000001,12.087,0.121,0.054000000000000006,0.085,0.82,114.34299999999999,0.034,0.076,0.043,0.028999999999999998,7.5920000000000005,238.118,13.514000000000001,0.005,0.11800000000000001,2.574,0.01,1.271,1.19,4.325,0.6990000000000001,9.952,0.085,0.019,1.6380000000000001,2.739,16.707,0.857,0.005,0.42,0.009000000000000001,0.091,0.2,13.463,109.508,0.165,0.106,0.376,0.028999999999999998,1.187,0.035,9.048,0.106,0.025,0.41200000000000003,0.46399999999999997,0.9740000000000001,0.18600000000000003,0.021,0.114,0.155,0.635,10.092,7.395,1.03,97.71600000000001,16.81,27.35,7.15,4.178,7.7410000000000005,67.41,1.186,233.864,1.26,0.764,0.002,6.9879999999999995,0.315,1.262,0.0,0.025,4.6,1.2590000000000001,0.36700000000000005,0.22699999999999998,0.244,12.5,0.025,0.114,0.46,0.396,0.12300000000000001,0.369,36.824,0.9009999999999999,0.004,3.8939999999999997,2.3080000000000003,1.393,0.01,0.307,19.647000000000002,0.22,0.294,7.292000000000001,0.376,0.145,5.888,0.001,9.5,28.305,2.037,12.957,0.9590000000000001,0.499,7.151,4.632,10.08,29.513,9.22,4.396,1.445,0.435,23.500999999999998,0.039,0.004,0.019,0.044000000000000004,0.027000000000000003,0.016,0.025,0.01,21.135,0.235,0.035,0.068,5.255,0.012,0.079,36.573,38.369,46.608999999999995,1.5759999999999998,0.653,0.314,0.131,32.521,17.075,4.53,23.503,0.591,19.047,0.401,0.09699999999999999,0.006999999999999999,1.253,1.7209999999999999,21.218000000000004,0.004,0.052000000000000005,0.32299999999999995,0.19,5.49,72.844,760.03,2.174,0.012,20.764,4.648,0,0.055999999999999994,0.757,1.685,2.0709999999999997
1997,0.49200000000000005,1.6840000000000002,6.04,0.035,0.596,0.0,0.026000000000000002,21.708000000000002,43.148,14.994000000000002,1.1,3.305,0.165,14.417,0.067,0.08,0.146,0.353,0.9890000000000001,0.217,60.794,0.01,0.7070000000000001,12.427999999999999,0.121,0.054000000000000006,0.09,0.8170000000000001,110.484,0.037000000000000005,0.094,0.043,0.028999999999999998,7.89,256.32599999999996,14.614,0.005,0.11800000000000001,2.548,0.01,1.345,1.19,4.331,0.6990000000000001,10.414000000000001,0.085,0.019,2.6289999999999996,3.1260000000000003,16.775,0.857,0.005,0.423,0.009000000000000001,0.086,0.204,14.585,113.38,0.165,0.132,0.38799999999999996,0.028999999999999998,1.187,0.035,9.497,0.106,0.025,0.41200000000000003,0.46399999999999997,0.9740000000000001,0.18600000000000003,0.021,0.302,0.155,0.737,10.876,7.393,1.07,100.287,19.785,29.447,7.15,4.2330000000000005,7.859,69.331,1.2930000000000001,240.046,1.276,0.8170000000000001,0.002,6.992000000000001,0.43200000000000005,1.3090000000000002,0.075,0.025,4.6,1.264,0.36700000000000005,0.22699999999999998,0.24600000000000002,13.540999999999999,0.025,0.114,0.46,0.396,0.12300000000000001,0.40399999999999997,37.295,0.9009999999999999,0.003,3.957,2.309,1.401,0.01,0.307,19.303,0.22,0.294,7.39,0.401,0.145,5.888,0.001,9.5,28.138,2.14,14.677,0.9840000000000001,0.499,7.433,5.0360000000000005,10.175,29.745,9.274,4.396,1.475,0.435,23.489,0.039,0.004,0.019,0.06,0.027000000000000003,0.016,0.025,0.01,21.66,0.235,0.040999999999999995,0.068,5.765,0.012,0.079,39.132,44.744,47.773,1.744,0.6629999999999999,0.314,0.131,32.958,17.114,4.58,25.476,0.591,20.893,0.401,0.09699999999999999,0.006999999999999999,1.253,2.0180000000000002,21.86,0.004,0.052000000000000005,0.32299999999999995,0.265,5.6,72.21,762.5239999999999,2.187,0.012,21.551,4.895,0,0.055999999999999994,0.754,1.685,2.0709999999999997
1998,0.49200000000000005,1.6840000000000002,6.044,0.035,0.596,0.0,0.026000000000000002,23.166,44.335,14.681,1.1,3.49,0.166,15.103,0.057999999999999996,0.08199999999999999,0.168,0.354,1.061,0.132,62.84,0.01,0.769,12.427999999999999,0.121,0.054000000000000006,0.11,0.8170000000000001,108.035,0.039,0.094,0.043,0.028999999999999998,8.735,279.656,12.818,0.005,0.121,2.548,0.01,1.345,1.192,4.337,0.737,10.450999999999999,0.085,0.019,2.9410000000000003,3.4189999999999996,17.094,0.8540000000000001,0.005,0.423,0.009000000000000001,0.086,0.204,15.026,111.81299999999999,0.165,0.132,0.391,0.028999999999999998,1.1640000000000001,0.035,9.927999999999999,0.106,0.027999999999999997,0.413,0.552,1.15,0.18600000000000003,0.021,0.302,0.24100000000000002,0.768,11.312000000000001,7.73,1.104,103.46700000000001,22.279,30.57,5.55,4.385,8.33,71.193,1.2919999999999998,247.68099999999998,1.65,0.8220000000000001,0.002,7.59,0.43200000000000005,1.344,0.076,0.01,4.6,1.189,0.35200000000000004,0.22699999999999998,0.242,13.606,0.025,0.114,0.46,0.396,0.126,0.484,37.491,0.9009999999999999,0.002,4.069,2.309,1.3559999999999999,0.01,0.317,19.324,0.23,0.293,7.6160000000000005,0.638,0.145,5.888,0.001,9.5,27.781999999999996,2.201,15.815999999999999,1.0490000000000002,0.534,7.433,5.641,10.497,29.859,9.572000000000001,4.9030000000000005,1.9,0.435,23.212,0.043,0.004,0.019,0.06,0.027000000000000003,0.016,0.025,0.01,22.458000000000002,0.235,0.05,0.059000000000000004,5.521,0.012,0.079,39.446999999999996,48.263999999999996,49.003,1.7469999999999999,0.6679999999999999,0.314,0.131,31.414,17.123,4.71,26.42,0.596,22.034000000000002,0.401,0.09699999999999999,0.006999999999999999,1.253,2.35,23.305999999999997,0.004,0.052000000000000005,0.32299999999999995,0.265,5.71,72.49600000000001,759.615,2.1790000000000003,0.012,21.66,5.702999999999999,0,0.055999999999999994,0.775,1.685,1.881
1999,0.49700000000000005,1.6840000000000002,6.044,0.035,0.586,0.0,0.027000000000000003,23.423000000000002,45.538999999999994,14.8,1.163,3.6,0.166,15.253,0.057999999999999996,0.085,0.168,0.35600000000000004,1.345,0.132,65.59100000000001,0.01,0.77,12.116,0.121,0.054000000000000006,0.12,0.8190000000000001,109.007,0.042,0.094,0.04,0.028999999999999998,9.052,302.072,13.224,0.005,0.121,2.4730000000000003,0.01,1.354,0.924,4.2860000000000005,0.737,10.068999999999999,0.085,0.019,3.0810000000000004,3.48,17.861,0.95,0.006,0.44299999999999995,0.009000000000000001,0.086,0.19899999999999998,14.925999999999998,113.917,0.165,0.11599999999999999,0.39799999999999996,0.028999999999999998,1.1640000000000001,0.035,10.603,0.136,0.027000000000000003,0.413,0.552,1.29,0.195,0.021,0.301,0.24,0.866,11.312000000000001,7.725,1.163,108.307,21.593000000000004,31.395,5.55,4.2669999999999995,8.586,72.363,1.2919999999999998,250.975,1.6540000000000001,0.971,0.002,8.465,0.43200000000000005,2.293,0.076,0.01,4.6,1.202,0.35200000000000004,0.22699999999999998,0.242,12.696,0.033,0.114,0.57,0.396,0.145,0.528,37.939,0.9009999999999999,0.001,4.069,2.3819999999999997,1.151,0.01,0.389,19.705,0.23,0.325,8.452,0.5710000000000001,0.145,5.888,0.001,9.5,28.331999999999997,2.009,17.387,1.182,0.539,7.428,5.614,10.763,30.412,10.405,4.918,1.9,0.435,22.891,0.043,0.004,0.02,0.06,0.027000000000000003,0.016,0.026000000000000002,0.01,22.916999999999998,0.27,0.08800000000000001,0.059000000000000004,6.73,0.013000000000000001,0.079,41.215,50.812,49.696000000000005,1.775,0.6679999999999999,0.389,0.131,31.656,17.221,5.99,28.22,0.8029999999999999,21.683000000000003,0.401,0.092,0.008,1.4169999999999998,2.415,25.999000000000002,0.004,0.052000000000000005,0.32299999999999995,0.28,5.82,74.446,768.962,2.178,0.016,21.291999999999998,5.643,0,0.057999999999999996,0.787,1.685,1.881
2000,0.40700000000000003,1.6840000000000002,6.398,0.05,0.586,0.0,0.027000000000000003,26.418000000000003,46.20399999999999,17.897000000000002,1.349,3.6,0.18600000000000003,15.685,0.066,0.085,0.168,0.426,1.341,0.132,73.167,0.01,0.763,12.019,0.1215,0.059000000000000004,0.1301,0.7959999999999999,110.70700000000001,0.045,0.094,0.04,0.028999999999999998,9.894,325.526,12.795,0.005,0.121,2.4730000000000003,0.008,1.71,0.9840000000000001,4.487,0.737,12.315999999999999,0.11,0.0211,2.532,3.392,17.3021,1.1181,0.012,0.529,0.009000000000000001,0.087,0.243,16.26,114.87,0.17,0.1165,0.40299999999999997,0.028999999999999998,1.17,0.035,10.904000000000002,0.136,0.043,0.455,0.552,1.828,0.34700000000000003,0.021,0.319,0.24,0.912,11.568,8.16,1.383,113.32600000000001,23.051,32.488,5.55,4.711,9.138,75.51,1.429,258.355,1.662,1.078,0.0045,9.365,0.639,2.293,0.076,0.002,4.6,1.226,0.35200000000000004,0.22699999999999998,0.254,14.116,0.036000000000000004,0.19,0.57,0.396,0.063,0.7090000000000001,40.251,0.8320000000000001,0.001,4.7897,2.397,1.151,0.01,0.389,21.063000000000002,0.233,0.32899999999999996,8.388,0.6691,0.1455,5.893,0.001,9.5,28.415,2.305,17.953,1.258,0.5539999999999999,7.428,6.102,13.6,30.559,10.908,4.9030000000000005,2.248,0.45799999999999996,22.56,0.044000000000000004,0.004,0.02,0.066,0.027000000000000003,0.027000000000000003,0.028999999999999998,0.013999999999999999,23.791999999999998,0.292,0.09300000000000001,0.055,6.73,0.013999999999999999,0.06,46.2528,52.967,53.888999999999996,2.1088,0.846,0.389,0.168,33.675,17.134,7.466,34.3351,0.892,22.2513,0.401,0.092,0.008,1.4221,2.435,27.2641,0.012,0.052000000000000005,0.32299999999999995,0.2962,8.28,78.39699999999999,811.7189999999999,2.19,0.016,21.233,6.38,0,0.057999999999999996,0.882,1.732,2.025
2001,0.498,1.6691,6.4,0.057999999999999996,0.635,0.0,0.027000000000000003,28.028000000000002,47.003,18.319000000000003,1.379,3.6,0.19,15.533,0.066,0.09,0.168,0.442,1.2429999999999999,0.132,75.392,0.01,0.7609999999999999,11.844000000000001,0.1775,0.046,0.1502,0.87,111.94,0.051,0.115,0.04,0.028999999999999998,10.493,344.714,13.543,0.005,0.121,2.548,0.008,1.7269999999999999,1.024,4.412,0.988,12.485999999999999,0.11800000000000001,0.0221,2.867,3.2510000000000003,17.1635,1.1292,0.012,0.5539999999999999,0.009000000000000001,0.096,0.243,16.506,116.149,0.255,0.1377,0.406,0.028999999999999998,1.3030000000000002,0.035,10.992,0.136,0.042,0.457,0.735,1.868,0.34700000000000003,0.021,0.319,0.244,0.9259999999999999,11.568,8.282,1.46,124.54,23.494,34.233000000000004,5.55,4.72,9.687999999999999,76.093,1.429,261.536,1.662,1.271,0.0046,9.392000000000001,0.639,2.294,0.076,0.002,4.601,1.238,0.35200000000000004,0.226,0.315,15.169,0.037000000000000005,0.25,0.57,0.396,0.063,0.7190000000000001,42.422,0.8320000000000001,0.001,4.885,2.4019999999999997,1.19,0.01,0.439,20.383,0.242,0.33,8.487,0.6551,0.1456,5.893,0.001,9.5,27.965999999999998,2.302,18.217,1.27,0.557,7.416,5.941,13.792,30.673000000000002,10.991,4.9030000000000005,2.338,0.46299999999999997,21.518,0.044000000000000004,0.004,0.044000000000000004,0.066,0.027000000000000003,0.027000000000000003,0.032,0.013999999999999999,25.281999999999996,0.3121,0.09300000000000001,0.033,7.642,0.013999999999999999,0.06,42.0521,56.986999999999995,55.828,2.2256,0.872,0.389,0.168,33.813,17.204,8.269,35.0072,0.892,23.2193,0.401,0.092,0.01,1.4224,2.884,28.3323,0.015,0.052000000000000005,0.32299999999999995,0.3198,8.611,79.9575,848.2539999999999,2.18,0.021,21.318,8.454,0,0.057999999999999996,0.882,1.7321,2.1590000000000003
2002,0.491,1.6692,6.835,0.057999999999999996,0.665,0.0,0.027000000000000003,28.237,49.728,18.053,2.506,4.68,0.209,15.552,0.066,0.09,0.175,0.442,1.402,0.132,80.502,0.01,0.7609999999999999,12.95,0.1775,0.048,0.1673,1.065,114.382,0.081,0.115,0.04,0.028999999999999998,10.542,364.05,13.868,0.006,0.121,2.568,0.008,1.796,1.082,3.9589999999999996,0.988,12.644,0.11800000000000001,0.0211,2.928,3.407,17.0626,1.0554,0.018000000000000002,0.738,0.009000000000000001,0.096,0.243,16.569000000000003,116.994,0.242,0.1528,0.41100000000000003,0.032,1.578,0.035,11.575999999999999,0.136,0.032,0.46399999999999997,0.735,1.886,0.34700000000000003,0.021,0.326,0.244,1.063,11.606,8.402999999999999,1.506,129.033,23.498,36.44,3.24,5.43,9.892000000000001,76.507,1.1320000000000001,266.145,1.7901,1.181,0.0046,9.281,0.674,2.531,0.076,0.002,4.708,1.6269999999999998,0.397,0.228,0.315,16.027,0.044000000000000004,0.28,0.57,0.4,0.10300000000000001,0.718,45.696999999999996,0.8320000000000001,0.001,4.8587,2.354,1.19,0.01,0.639,20.878,0.247,0.33,8.512,0.7142,0.1456,5.894,0.001,9.5,28.281999999999996,2.3040000000000003,18.143,1.206,0.653,7.416,5.97,15.038,30.815,11.235999999999999,5.358,2.5380000000000003,0.46299999999999997,20.314,0.044000000000000004,0.004,0.044000000000000004,0.066,0.027000000000000003,0.031,0.037000000000000005,0.013999999999999999,28.456999999999997,0.4983,0.09300000000000001,0.040999999999999995,7.28,0.013999999999999999,0.06,42.0164,58.17100000000001,60.494,2.2339,0.875,0.389,0.18899999999999997,32.499,17.223,7.809,37.5803,0.914,26.2243,0.401,0.0481,0.0101,1.4226,2.889,31.8466,0.02,0.052000000000000005,0.32299999999999995,0.3201,9.13,76.9425,905.301,2.069,0.021,20.576999999999998,8.7,0,0.057999999999999996,0.96,1.7722,2.1790000000000003
2003,0.489,1.7792,6.845,0.057999999999999996,0.665,0.0,0.027000000000000003,28.973000000000003,50.99,18.367,2.6289999999999996,4.6808,0.209,15.615,0.08800000000000001,0.09,0.175,0.457,1.329,0.132,84.10700000000001,0.01,0.86,12.125,0.1777,0.046,0.1863,1.0751,118.958,0.079,0.115,0.04,0.028999999999999998,10.993,398.06699999999995,13.261,0.006,0.212,2.502,0.008,1.9409999999999998,1.113,3.9610000000000003,0.9940000000000001,12.917,0.11800000000000001,0.0221,3.3510000000000004,3.302,17.1316,1.1065,0.021,0.738,0.009000000000000001,0.098,0.243,16.555999999999997,116.571,0.242,0.177,0.414,0.035,1.706,0.035,12.08,0.136,0.032,0.47200000000000003,0.735,2.1630000000000003,0.34700000000000003,0.022000000000000002,0.326,0.244,1.071,11.683,8.2,1.507,133.806,26.991,39.63,3.64,5.645,10.027999999999999,78.313,1.173,269.04900000000004,1.7902,1.237,0.0036,9.856,0.723,2.6630000000000003,0.076,0.002,4.708,1.6540000000000001,0.489,0.247,0.311,20.476,0.049,0.28,0.57,0.4,0.105,0.71,49.69,0.8322,0.002,4.859,2.354,1.205,0.01,0.639,20.928,0.247,0.33,8.539,0.7583,0.1457,5.905,0.001,9.5,28.369,2.7880000000000003,19.437,1.334,0.659,7.416,6.01,15.46,31.642,11.616,5.358,2.676,0.46299999999999997,20.023,0.044000000000000004,0.004,0.044000000000000004,0.057,0.027000000000000003,0.028999999999999998,0.039,0.013999999999999999,30.219,0.4674,0.08900000000000001,0.040999999999999995,7.4879999999999995,0.036000000000000004,0.06,42.0177,60.854,71.81,2.2275,0.9620000000000001,0.389,0.18899999999999997,33.368,17.299,7.678,39.5905,0.9222,26.7293,0.401,0.0481,0.0121,1.423,2.9619999999999997,35.596,0.025,0.052000000000000005,0.32299999999999995,0.3207,12.172,78.6695,948.448,2.068,0.021,20.576999999999998,9.16,0,0.057999999999999996,0.997,1.7722,2.1790000000000003
2004,0.489,1.6692,7.251,0.06,0.831,0.0,0.027000000000000003,28.673000000000002,51.173,18.945999999999998,1.849,4.7118,0.209,15.648,0.083,0.09,0.175,0.462,1.4709999999999999,0.132,87.85700000000001,0.039,0.8740000000000001,12.332,0.2141,0.040999999999999995,0.1894,1.0801,119.738,0.079,0.127,0.04,0.03,11.87,449.001,13.465,0.006,0.212,2.443,0.008,1.963,1.1540000000000001,3.948,0.9940000000000001,12.985999999999999,0.11800000000000001,0.0221,3.252,3.3289999999999997,19.4046,1.1166,0.031,0.835,0.009000000000000001,0.09699999999999999,0.244,16.567,116.719,0.242,0.1762,0.414,0.04,1.784,0.038,12.431,0.136,0.032,0.439,0.79,1.9869999999999999,0.337,0.022000000000000002,0.322,0.244,1.3090000000000002,11.683,8.522,1.508,137.591,27.238000000000003,42.773999999999994,7.85,5.803,10.267999999999999,81.53399999999999,1.194,273.841,1.9073,1.349,0.005,9.856,0.723,2.6630000000000003,0.076,0.002,4.6419999999999995,1.682,0.488,0.272,0.311,24.791999999999998,0.049,0.281,0.57,0.401,0.175,0.7140000000000001,52.247,0.8322,0.004,5.5489999999999995,2.354,1.5619999999999998,0.006999999999999999,0.632,21.834,0.247,0.374,8.832,0.8765,0.1328,5.905,0.001,9.5,28.476999999999997,3.0239999999999996,19.572,1.594,0.635,7.416,6.057,16.233,31.918000000000003,12.692,5.358,2.9,0.505,20.281,0.052000000000000005,0.004,0.044000000000000004,0.057,0.026000000000000002,0.032,0.039,0.013999999999999999,30.673000000000002,0.5026,0.08900000000000001,0.04,9.629,0.036000000000000004,0.06,42.019,63.666000000000004,69.657,2.3166,1.012,0.389,0.18899999999999997,33.693000000000005,17.34,7.678,41.4276,0.9225,27.9043,0.455,0.0531,0.0123,1.4234,3.0839999999999996,36.8335,0.03,0.052000000000000005,0.32299999999999995,0.3213,13.55,80.8585,962.942,2.048,0.021,22.124000000000002,11.732000000000001,0,0.057999999999999996,1.105,1.8003,2.1790000000000003
2005,0.524,1.5922,7.499,0.045,0.831,0.0,0.055,28.747,49.878,18.898,2.319,4.7139999999999995,0.239,16.096,0.087,0.091,0.175,0.485,1.43,0.132,90.51299999999999,0.042,0.759,12.638,0.237,0.0371,0.2326,1.0141,122.45,0.08,0.115,0.038,0.031,12.585999999999999,518.5108,13.408,0.022000000000000002,0.212,2.443,0.008,1.993,1.177,4.952,1.125,13.035,0.11800000000000001,0.0231,3.177,3.623,20.5296,1.2619,0.055999999999999994,0.8403,0.009009999999999999,0.099,0.264,16.468,115.559,0.242,0.1775,0.415,0.044000000000000004,1.754,0.038,13.306,0.13699999999999998,0.032,0.4395,0.552,2.329,0.337,0.022000000000000002,0.322,0.244,1.527,11.804,8.475,1.538,146.406,29.045,44.43899999999999,9.327,6.175,10.605,85.49799999999999,1.192,275.916,1.9064,1.41035,0.005,10.857999999999999,0.731,2.32,0.076,0.002,5.125,1.682,0.488,0.303,0.314,23.706999999999997,0.049,0.348,0.57,0.401,0.175,0.8281799999999999,52.485,0.83221,0.006,5.497000000000001,2.383,1.6909999999999998,0.004,0.611,21.801,0.247,0.384,8.845,0.8967,0.134,5.905,0.001,9.5,29.122,2.983,19.694000000000003,1.633,0.665,7.416,6.279,16.304000000000002,32.295,13.374,5.402,2.8289999999999997,0.5529999999999999,19.038,0.057999999999999996,0.004,0.044000000000000004,0.066,0.026000000000000002,0.037000000000000005,0.04,0.018000000000000002,33.535,0.584,0.08900000000000001,0.04,9.611,0.036000000000000004,0.06,42.14,66.172,76.587,2.4216,1.048,0.389,0.1891,32.824,17.396,7.577000000000001,42.61600000000001,0.9608,28.42045,0.493,0.0531,0.0123,1.4235,3.304,38.845,0.035,0.052000000000000005,0.32299999999999995,0.322,15.71,82.4905,978.0189999999999,2.048,0.021,22.135,12.388,0,0.057999999999999996,1.1159999999999999,1.7946,2.085
2006,0.514,1.5922,7.899,0.045,0.843,0.0,0.055,28.799,50.388999999999996,19.127,2.767,5.251,0.239,16.26,0.086,0.092,0.175,1.505,1.454,0.132,94.18799999999999,0.042,0.759,12.392000000000001,0.256,0.037000000000000005,0.34651,0.9251,124.148,0.07200000000000001,0.115,0.038,0.031,12.865,626.59,13.443,0.022000000000000002,0.212,2.444,0.008,2.127,1.207,5.622000000000001,1.135,12.975999999999999,0.11800000000000001,0.0231,3.2060000000000004,4.06,21.9866,1.2599,0.055999999999999994,0.8370000000000001,0.009009999999999999,0.099,0.264,16.562,115.51899999999999,0.242,0.17800000000000002,0.415,0.048,1.734,0.038,13.57,0.13699999999999998,0.032,0.444,0.552,2.42,0.331,0.022000000000000002,0.32299999999999995,0.244,1.548,12.380999999999998,8.509,1.725,155.556,32.211999999999996,47.449,9.69,6.446000000000001,11.089,89.486,1.192,277.728,2.102,1.43435,0.005,10.857999999999999,0.731,2.314,0.076,0.005,5.44,1.683,0.47200000000000003,0.33899999999999997,0.314,23.061999999999998,0.057999999999999996,0.348,0.57,0.401,0.18600000000000003,0.78118,55.34,0.83221,0.005,5.683,2.383,1.685,0.004,0.617,22.95,0.247,0.39,8.857999999999999,0.89,0.134,7.447,0.001,9.5,29.308000000000003,3.3139999999999996,19.692999999999998,1.4780000000000002,0.679,8.116,6.6979999999999995,16.488,32.398,14.447000000000001,5.492999999999999,3.028,0.5670000000000001,19.31,0.057999999999999996,0.004,0.051,0.066,0.026000000000000002,0.04,0.040999999999999995,0.018000000000000002,40.385,0.563,0.08900000000000001,0.046,9.394,0.037000000000000005,0.06,42.748999999999995,69.82,81.329,2.456,1.147,0.389,0.1902,33.669000000000004,17.413,7.803,44.50899999999999,0.9991,29.32345,0.493,0.1351,0.0123,1.4167,3.338,40.59,0.04,0.052000000000000005,0.32299999999999995,0.424,17.28,83.6285,986.2139999999999,2.248,0.021,22.215,12.964,0,0.057999999999999996,1.1320000000000001,1.9240000000000002,2.085
2007,0.514,1.5922,8.134,0.045,1.446,0.0,0.055,29.579,53.141999999999996,19.1,2.7769999999999997,5.255,0.24,16.38,0.08800000000000001,0.092,0.165,1.505,1.584,0.132,97.941,0.042,0.759,9.869,0.251,0.037000000000000005,0.3886,0.9222,125.325,0.075,0.124,0.038,0.032,13.18,718.5160000000001,13.478,0.022000000000000002,0.212,2.444,0.008,2.116,1.218,5.979,1.141,13.0,0.11800000000000001,0.0252,3.2060000000000004,4.552,22.6457,1.42,0.06,0.85,0.01,0.099,0.284,16.703,116.353,0.244,0.226,0.415,0.053,1.939,0.038,13.686,0.14400000000000002,0.032,0.444,0.5529999999999999,2.44,0.33899999999999997,0.022000000000000002,0.324,0.244,1.569,12.645,8.546,2.363,169.06900000000002,32.766,50.858000000000004,9.738,7.407,11.569,93.62200000000001,1.192,278.203,2.198,1.27135,0.006999999999999999,10.944,0.731,2.314,0.08,0.005,5.542999999999999,1.6840000000000002,0.47200000000000003,0.348,0.314,23.53,0.061,0.40399999999999997,0.57,0.401,0.18600000000000003,0.8331799999999999,57.828,0.8332,0.005,5.724,2.513,1.7180000000000002,0.006,0.623,23.775,0.247,0.401,9.408999999999999,0.8295,0.134,7.9670000000000005,0.001,9.5,30.000999999999998,3.42,19.718,1.52,0.6990000000000001,8.136000000000001,7.058,16.621,32.529,15.003,5.515,3.1639999999999997,0.62,20.506999999999998,0.057999999999999996,0.004,0.051,0.076,0.027000000000000003,0.045,0.040999999999999995,0.018000000000000002,41.69,0.652,0.08900000000000001,0.031,9.908999999999999,0.037000000000000005,0.08,42.97,73.109,88.804,2.447,1.148,0.389,0.1902,34.26,17.507,8.53,45.336000000000006,1.0,31.0893,0.493,0.1551,0.0123,1.6249,3.313,40.86,0.05,0.052000000000000005,0.32299999999999995,0.441,18.474,83.5375,994.8885,2.4330000000000003,0.024,22.54,13.354000000000001,0,0.057999999999999996,1.16,1.9240000000000002,2.1430000000000002
2008,0.521,1.5732,8.134,0.045,1.462,0.001,0.055,31.474,54.067,20.548000000000002,2.778,5.468,0.24,16.758,0.08900000000000001,0.203,0.165,1.505,1.5390000000000001,0.132,101.62,0.042,0.759,9.807,0.254,0.037000000000000005,0.38709,0.9372,126.46600000000001,0.09,0.13699999999999998,0.044000000000000004,0.031,14.019,794.202,13.573,0.022000000000000002,0.239,2.476,0.008,2.383,1.224,5.9510000000000005,1.127,13.002,0.13,0.0232,2.958,4.284,23.5449,1.527,0.06,0.966,0.01,0.1,0.29100000000000004,15.564,117.51799999999999,0.24600000000000002,0.22699999999999998,0.366,0.053,1.9880000000000002,0.043,14.253,0.14400000000000002,0.05,0.444,0.5529999999999999,2.634,0.39299999999999996,0.026000000000000002,0.28,0.244,1.473,12.625,8.617,2.574,174.773,32.174,52.964,13.318,7.229,12.017999999999999,98.677,1.194,280.885,2.536,1.33835,0.006999999999999999,11.640999999999998,0.731,2.314,0.08,0.005,6.615,1.6980000000000002,0.47200000000000003,0.431,0.299,23.933000000000003,0.076,0.405,0.57,0.405,0.196,0.79518,58.147,0.8370000000000001,0.005,5.9,2.4419999999999997,1.749,0.006,0.7240000000000001,24.849,0.247,0.451,9.342,0.8904,0.134,8.476,0.001,9.5,30.565,3.859,20.21,1.615,0.768,8.136000000000001,7.1979999999999995,16.366,32.679,15.765999999999998,5.457000000000001,4.314,0.625,19.635,0.057999999999999996,0.005,0.044000000000000004,0.076,0.027000000000000003,0.048,0.042,0.018000000000000002,45.77,0.713,0.08900000000000001,0.031,9.948,0.037000000000000005,0.08,44.332,79.791,93.738,2.6668,1.355,0.389,0.2092,34.001,17.69,7.642,45.849,1.101,32.6963,0.493,0.1551,0.0123,1.625,3.653,41.843999999999994,0.05,0.052000000000000005,0.32299999999999995,0.557,19.814,84.8835,1010.1726,2.5540000000000003,0.027999999999999997,23.124000000000002,15.02,0,0.057999999999999996,1.2209,1.952,2.187
2009,0.594,1.4502,11.327,0.045,1.462,0.001,0.055,32.563,56.7081,20.79,3.1689999999999996,5.744,0.24,17.777,0.136,0.203,0.165,1.505,1.604,0.132,105.023,0.044000000000000004,0.768,9.613,0.254,0.057,0.37478,1.023,131.583,0.09,0.153,0.044000000000000004,0.031,15.706,878.842,13.623,0.022000000000000002,0.239,2.476,0.008,2.48,1.247,6.105,1.4,13.392999999999999,0.13,0.0252,2.9810000000000003,4.934,24.733,1.5765,0.06,1.645,0.01,0.1,0.29100000000000004,15.290999999999999,118.941,0.247,0.22699999999999998,0.415,0.062,2.053,0.043,14.499,0.174,0.0482,0.455,0.552,2.755,0.397,0.026000000000000002,0.312,0.24,1.472,12.625,8.816,2.571,186.88400000000001,35.11,56.201,14.623,7.433,12.206,101.569,1.189,283.649,2.617,1.36835,0.006999999999999999,12.579,1.855,2.314,0.08,0.005,6.769,1.704,0.49700000000000005,0.431,0.299,26.066,0.076,0.384,0.5720000000000001,0.419,0.196,0.8440000000000001,59.464,0.8370000000000001,0.005,6.1770000000000005,2.4419999999999997,2.545,0.006,0.725,25.97,0.255,0.501,9.34,0.9819,0.135,8.851,0.001,8.4,31.264,4.202,21.348000000000003,1.8,0.778,8.816,8.062000000000001,16.305,33.035,17.403,5.841,5.321000000000001,0.69,19.453,0.062,0.005,0.044000000000000004,0.076,0.027000000000000003,0.047,0.042,0.018000000000000002,44.58,0.7140000000000001,0.08900000000000001,0.031,9.902000000000001,0.037000000000000005,0.08,44.316,80.59899999999999,96.661,2.7066,2.355,0.389,0.2103,35.482,17.892,8.33,47.483999999999995,1.052,32.1083,0.493,0.1551,0.0123,1.6893,3.772,44.788000000000004,0.054000000000000006,0.052000000000000005,0.32299999999999995,0.629,20.579,86.73899999999999,1025.4004,2.647,0.027999999999999997,23.74,17.011,0,0.057999999999999996,1.331,1.963,2.19
2010,0.59417,1.4614,11.327,0.045,1.469,0.001,0.0551,33.361,60.1091,21.051,3.1689999999999996,5.869,0.24,18.689,0.175,0.203,0.165,1.5054,1.716,0.132,113.695,0.0451,0.7859999999999999,10.204,0.242,0.063,0.36708,1.008,132.314,0.10400000000000001,0.151,0.0441,0.031,16.206,969.742,14.464,0.022000000000000002,0.359,2.506,0.008,2.8819999999999997,1.276,6.412999999999999,1.568,13.437999999999999,0.13,0.0264,3.012,5.233,27.677,1.5590000000000002,0.06,2.1023,0.01,0.1,0.2912,15.669,124.14,0.268,0.22699999999999998,0.41600000000000004,0.076,2.178,0.043,15.184000000000001,0.174,0.0483,0.461,0.5521,2.7739999999999996,0.409,0.026000000000000002,0.3134,0.267,1.476,12.625,8.882,2.5789999999999997,204.783,37.257,61.472,14.411,8.31,13.023,106.61,0.94,286.883,3.051,1.528,0.0054,13.383,2.57,2.3183,0.08,0.005,7.07,1.7009999999999998,0.5,0.4791,0.3,27.831,0.078,0.41600000000000004,0.573,0.431,0.226,0.846,61.403,0.956,0.005,6.442,2.4419999999999997,3.4144,0.006,0.726,26.658,0.255,0.502,9.488999999999999,1.074,0.136,8.575,0.0011,8.501,31.697,4.265,22.654,1.911,0.7873,8.816,8.696,17.055999999999997,33.365,18.932000000000002,6.032,7.83,0.748,19.47,0.0763,0.005,0.049,0.076,0.027000000000000003,0.047,0.042,0.013999999999999999,46.372,0.78,0.08,0.081,9.804,0.037000000000000005,0.08,44.29,85.682,102.06700000000001,2.825,2.477,0.4102,0.2106,36.78,18.072,8.214,48.396,1.162,33.8979,0.4933,0.1552,0.0143,1.69,3.773,49.53,0.057,0.052000000000000005,0.32299999999999995,0.65,23.226,92.948,1039.0618,2.6839999999999997,0.027999999999999997,26.159000000000002,18.453,0,0.057999999999999996,1.569,1.97,2.0580000000000003
2011,0.57117,1.5090000000000001,11.447000000000001,0.040999999999999995,1.5830000000000002,0.002,0.0843,33.501999999999995,61.8401,22.436999999999998,3.1689999999999996,6.692,0.24100000000000002,20.099,0.175,0.207,0.165,1.5055,1.7519999999999998,0.1321,117.13799999999999,0.0451,0.8029999999999999,10.202,0.267,0.061,0.5803,1.2890000000000001,132.898,0.133,0.151,0.0442,0.040999999999999995,17.549,1066.2930000000001,14.65,0.024,0.5091,2.506,0.008,2.9,1.449,6.468999999999999,1.744,13.587,0.13,0.0264,3.0439999999999996,5.317,29.726999999999997,1.598,0.06,2.2325,0.01,0.1,0.2913,15.703,126.88799999999999,0.278,0.23600000000000002,0.444,0.076,2.185,0.043,16.524,0.174,0.0504,0.469,0.5521,2.912,0.36200000000000004,0.027000000000000003,0.319,0.267,1.61,12.625,9.543,2.6689999999999996,233.903,41.842,70.2534,14.203,8.588,13.865,118.801,0.871,289.565,3.4210000000000003,1.692,0.0054,14.703,2.62,2.314,0.08,0.02,8.911,1.74,0.5,0.4793,0.316,29.178,0.0794,0.48200000000000004,0.584,0.45299999999999996,0.226,0.8281,62.059,1.234,0.005,6.447,2.444,3.59,0.005,0.748,28.021,0.255,0.5,9.588,1.121,0.13699999999999998,9.09,0.0011,8.502,32.092,4.861000000000001,23.214000000000002,2.133,0.7833,8.816,9.04,16.865,34.556999999999995,19.924,6.032,7.8707,0.7959999999999999,20.421,0.0853,0.005,0.055999999999999994,0.076,0.027000000000000003,0.047,0.042,0.018000000000000002,51.151,0.9229999999999999,0.08,0.081,9.79,0.038,0.08,44.294,84.685,102.9233,3.179,2.824,0.4273,0.2757,35.23,18.218,8.214,48.343999999999994,1.173,34.68,0.5914,0.1654,0.0145,2.14,4.223,52.918,0.065,0.052000000000000005,0.3165,0.685,26.143,93.07799999999999,1051.251,2.695,0.0331,27.01,22.194000000000003,0,0.057999999999999996,1.534,1.97,2.068
2012,0.5871,1.726,13.023,0.043,1.656,0.002,0.0844,35.588,65.0091,23.239,3.935,8.171,0.24100000000000002,20.838,0.17600000000000002,0.207,0.171,1.4985,1.95,0.133,121.3761,0.0451,0.8059999999999999,11.626,0.304,0.061,0.6073,1.344,130.684,0.135,0.15,0.0443,0.040999999999999995,18.153,1151.491,14.615,0.024,0.5991,2.5061,0.011000000000000001,2.736,1.646,6.233,1.734,14.073,0.1303,0.0264,3.1719999999999997,5.4441,31.451999999999998,1.6159999999999999,0.305,2.254,0.01,0.10800000000000001,0.29600000000000004,15.78,130.482,0.284,0.239,0.46399999999999997,0.077,2.225,0.043,17.750999999999998,0.172,0.0524,0.522,0.5523,2.878,0.375,0.027000000000000003,0.319,0.2674,1.62,12.625,9.289,2.656,258.365,47.224,74.4274,12.703,8.527999999999999,14.413,124.59899999999999,0.943,294.673,3.4211,1.733,0.0055,15.349,3.0233,2.263,0.08,0.02,8.912,1.7890000000000001,0.5,0.5464,0.317,29.184,0.083,0.528,0.642,0.465,0.226,0.8601,64.01899999999999,1.234,0.005,6.749,2.452,3.73,0.0051,0.7681,29.896,0.276,0.503,9.745,1.29,0.138,9.105,0.0011,8.802999999999999,32.87,5.808,23.160999999999998,2.414,0.7843,8.816,9.588,17.722,35.286,19.7473,6.16,7.871,0.9079999999999999,21.691,0.1023,0.008,0.062,0.0861,0.027000000000000003,0.0471,0.042,0.018000000000000002,62.144,0.9309999999999999,0.08,0.081,10.689,0.038,0.08199999999999999,44.39,87.84899999999999,105.2043,3.3989999999999996,3.0860000000000003,0.428,0.2808,37.801,18.584,8.214,47.95399999999999,1.183,36.457,0.5920000000000001,0.1955,0.0155,2.0540000000000003,4.215,57.071000000000005,0.076,0.052000000000000005,0.317,0.945,27.194000000000003,95.33200000000001,1063.0330000000001,3.091,0.0331,28.831,27.081999999999997,0,0.057999999999999996,1.534,1.97,2.141
2013,0.6011,1.88,15.027000000000001,0.043,1.7180000000000002,0.002,0.1204,35.726,66.2321,23.62,3.935,8.638,0.242,20.951999999999998,0.17300000000000001,0.24100000000000002,0.171,1.5005,2.185,0.134,128.0601,0.0451,0.8109999999999999,11.517999999999999,0.2542,0.065,1.1763,1.619,133.283,0.141,0.15,0.0443,0.0861,18.515,1265.099,14.76,0.025,0.5992,2.5494,0.012,2.75,1.757,6.547999999999999,1.709,13.809000000000001,0.1303,0.0264,3.719,5.485,32.133,1.72,0.31,2.431,0.011000000000000001,0.10800000000000001,0.29600000000000004,16.655,130.139,0.295,0.242,0.674,0.094,3.052,0.043,18.855,0.187,0.0531,0.589,0.5528,3.142,0.39399999999999996,0.027000000000000003,0.324,0.32299999999999995,1.6909999999999998,12.625,8.307,2.765,280.883,52.695,75.914,15.683,8.863999999999999,14.985,124.515,0.976,300.921,3.7201,1.857,0.0065,15.7191,3.0703,2.326,0.0804,0.125,9.46,1.8119999999999998,0.5,0.5484,0.369,30.13,0.083,0.595,0.654,0.467,0.278,0.8581,64.03699999999999,1.284,0.005,7.379,2.565,4.006,0.0052,0.8041,30.535999999999998,0.379,0.691,9.583,1.2930000000000001,0.177,10.027000000000001,0.0021,8.804,33.497,6.599,24.153000000000002,2.53,0.8563,8.865,10.979000000000001,18.021,35.815,18.9003,6.211,8.793,0.9079999999999999,22.886999999999997,0.1173,0.008,0.0624,0.0861,0.027999999999999997,0.0534,0.0422,0.018000000000000002,64.452,0.941,0.086,0.081,12.305,0.038,0.08199999999999999,44.714,91.48299999999999,106.0443,3.298,3.0860000000000003,0.428,0.2958,37.981,18.962,8.214,48.368,1.186,38.5408,0.5920000000000001,0.1956,0.016,2.0540000000000003,4.545,64.02600000000001,0.076,0.052000000000000005,0.317,0.991,27.99,92.95700000000001,1060.0635,3.2939999999999996,0.0332,31.594,30.648000000000003,0,0.057999999999999996,1.535,2.08,2.209
2014,0.5861,1.824,15.880999999999998,0.043,1.785,0.002,0.12300000000000001,37.4,68.0601,24.046,3.94,9.449,0.231,20.921,0.18600000000000003,0.278,0.171,1.5005,2.218,0.7340000000000001,134.7861,0.0451,0.8109999999999999,11.355,0.2922,0.067,1.5403,1.7469999999999999,136.811,0.153,0.132,0.0443,0.0861,20.513,1376.9579999999999,15.835999999999999,0.026000000000000002,0.6,2.5496,0.01,2.8989999999999996,1.828,6.7,1.734,13.625,0.1303,0.0274,3.784,5.726,35.408,1.713,0.31,2.526,0.011000000000000001,0.126,0.306,16.247,130.001,0.299,0.24600000000000002,0.669,0.11699999999999999,3.053,0.043,18.895,0.187,0.0531,0.589,0.5529999999999999,3.418,0.311,0.027999999999999997,0.35100000000000003,0.32,1.78,12.625,8.556000000000001,2.766,309.915,54.794,74.562,25.87,9.154,16.22,121.74700000000001,0.978,268.856,4.2042,2.217,0.0068,15.720999999999998,3.3807,2.333,0.0804,0.125,9.46,2.022,0.51,0.5734,0.371,30.269000000000002,0.105,0.64,0.6809999999999999,0.496,0.287,0.8631,66.185,1.3459999999999999,0.005,8.038,2.5669999999999997,4.539,0.0062,0.8251,31.759,0.379,0.684,9.787,1.3319999999999999,0.17800000000000002,10.595999999999998,0.0023,8.805,33.71,8.215,24.176,2.802,0.8743,8.865,11.152000000000001,18.702,35.989000000000004,19.125999999999998,6.226,8.795,0.86,23.572,0.132,0.008,0.063,0.0881,0.027999999999999997,0.0534,0.042,0.0181,75.14399999999999,0.9440000000000001,0.087,0.11699999999999999,12.780999999999999,0.038,0.083,46.082,99.818,106.0563,3.839,3.0860000000000003,0.44799999999999995,0.2818,38.69,19.19,9.052,47.983999999999995,1.189,40.1088,0.5770000000000001,0.1962,0.016,2.0540000000000003,5.011,69.52,0.079,0.052000000000000005,0.321,1.006,28.965,96.05799999999999,1075.7488,3.787,0.0332,31.771,33.453,0,0.057999999999999996,1.524,2.452,2.109
2015,0.5871,1.8969999999999998,17.119,0.044000000000000004,2.106,0.002,0.12300000000000001,39.299,68.1621,24.465999999999998,3.928,11.683,0.233,21.166,0.187,0.35,0.171,1.6235,2.3209999999999997,0.622,141.7311,0.0452,0.821,10.905,0.3334,0.067,1.6903,1.859,147.641,0.161,0.132,0.0383,0.0862,21.436,1516.215,16.660999999999998,0.026000000000000002,0.585,2.5717,0.013000000000000001,3.092,1.9140000000000001,6.843,1.7630000000000001,14.002,0.1303,0.0274,3.739,6.0,39.045,1.8559999999999999,0.331,2.7769999999999997,0.0121,0.1273,0.307,16.614,132.18,0.3,0.25,0.672,0.11900000000000001,3.8784,0.043,18.942,0.187,0.0531,0.609,0.557,4.0169999999999995,0.561,0.0283,0.359,0.33299999999999996,2.217,12.625,8.523,2.772,341.439,57.286,72.962,31.388,9.567,17.221,116.964,0.981,277.525,4.385,2.414,0.01,18.262,5.921,2.339,0.0804,0.125,9.46,2.023,0.51,0.6674,0.376,30.988000000000003,0.275,0.6409999999999999,0.6701,0.503,0.494,0.882,67.434,1.3459999999999999,0.005,8.203,2.6210000000000004,5.1770000000000005,0.0062,0.8761,33.863,0.41600000000000004,0.688,9.447000000000001,1.351,0.183,10.597000000000001,0.0023,9.008,33.852,7.87,25.939,3.148,0.875,8.865,12.182,19.45,37.327,19.625,6.25,8.795,0.89,23.689,0.196,0.008,0.063,0.08900000000000001,0.027999999999999997,0.054000000000000006,0.043,0.0181,82.134,0.945,0.087,0.1172,13.312000000000001,0.038,0.084,47.545,103.208,106.4753,3.8689999999999998,3.4360000000000004,0.484,0.282,39.650999999999996,19.618,9.128,48.232,1.459,40.8569,0.5770000000000001,0.1974,0.018000000000000002,2.0540000000000003,5.452999999999999,73.14699999999999,0.08199999999999999,0.052000000000000005,0.325,1.018,28.881999999999998,95.682,1073.833,3.998,0.0332,32.324,38.969,0,0.057999999999999996,1.579,2.503,2.109
2016,0.6341,2.012,19.079,0.046,2.613,0.002,0.124,39.075,67.0741,25.215999999999998,3.928,12.693,0.244,21.666999999999998,0.198,0.353,0.171,1.6245,2.4419999999999997,0.623,150.7721,0.0452,0.821,10.745,0.3354,0.066,1.7183,1.891,143.543,0.16699999999999998,0.16399999999999998,0.0383,0.0872,24.53,1660.215,16.825,0.027000000000000003,0.594,2.5857,0.013999999999999999,3.495,1.9140000000000001,6.997999999999999,1.771,14.225999999999999,0.1303,0.0282,3.839,8.218,45.218999999999994,1.962,0.331,2.745,0.0121,0.1283,0.309,16.285999999999998,133.096,0.306,0.261,0.684,0.12,4.0274,0.043,19.165,0.187,0.0541,0.609,0.56,4.538,0.561,0.0283,0.35,0.336,2.444,12.65,8.647,2.772,366.074,61.438,77.598,32.45,9.905,17.585,114.162,1.062,292.39099999999996,4.765,2.407,0.011000000000000001,18.910999999999998,6.942,2.359,0.0804,0.151,10.249,1.71,0.51,0.6754,0.376,33.589,0.278,0.642,0.6411,0.502,0.511,0.9329999999999999,72.518,1.367,0.005,8.305,2.6260000000000003,5.291,0.006999999999999999,0.8971,34.173,0.41600000000000004,1.0,9.289,1.4069999999999998,0.184,12.544,0.0023,9.21,33.852,8.167,30.185,3.3080000000000003,0.875,8.851,14.479000000000001,22.11,38.205,20.612,6.295,8.796,0.89,23.598000000000003,0.201,0.008,0.064,0.08900000000000001,0.027999999999999997,0.054000000000000006,0.045,0.0181,82.944,0.977,0.08800000000000001,0.1173,13.413,0.039,0.08800000000000001,50.133,111.164,105.67,4.035,3.437,0.507,0.282,40.289,20.839000000000002,9.048,49.188,1.474,44.8293,0.5770000000000001,0.198,0.0203,2.0540000000000003,5.768,78.497,0.08199999999999999,0.052000000000000005,0.325,1.02,28.905,96.956,1087.0979,3.928,0.035,33.235,39.961999999999996,0,0.057999999999999996,1.599,2.573,2.12
2017,0.6364,2.119,19.452,0.046,3.763,0.0,0.124,39.169000000000004,66.4551,24.92,3.928,13.338,0.244,22.261999999999997,0.20800000000000002,0.353,0.171,1.6245,2.59,0.623,157.2271,0.0452,0.821,10.747,0.3724,0.071,2.1763,1.922,147.15,0.17,0.17,0.0383,0.0872,26.275,1793.965,16.962,0.027000000000000003,0.628,2.5989999999999998,0.013999999999999999,3.5580000000000003,2.1919999999999997,7.047999999999999,1.797,14.327,0.1303,0.0282,3.8789999999999996,7.397,55.14,2.1519999999999997,0.331,4.4,0.0121,0.1303,0.325,17.156,133.1,0.306,0.267,0.684,0.12,4.4264,0.043,19.426,0.187,0.0541,0.612,0.56,4.6,0.561,0.0283,0.34299999999999997,0.344,2.565,12.492,8.746,2.823,388.161,62.588,77.89699999999999,32.87,10.491,17.825,114.241,1.09,297.385,4.879,2.398,0.011000000000000001,18.784000000000002,6.965,2.339,0.0804,0.213,10.249,1.6980000000000002,0.51,0.6774,0.40299999999999997,34.467,0.28,0.644,0.6171,0.502,0.561,0.941,74.317,1.45,0.005,8.427999999999999,2.641,5.449,0.006999999999999999,1.0461,33.86,0.433,1.0190000000000001,9.305,1.501,0.185,12.664000000000001,0.0023,9.312000000000001,34.273,8.236,33.97,3.465,0.875,8.851,14.307,23.413,42.955,21.122,6.303,8.796,0.892,24.565,0.209,0.008,0.064,0.08900000000000001,0.027999999999999997,0.054000000000000006,0.052000000000000005,0.0181,88.95700000000001,1.047,0.08900000000000001,0.125,13.599,0.04,0.091,51.265,122.916,103.844,4.156000000000001,3.738,0.507,0.282,39.428000000000004,21.613000000000003,9.0481,48.894,1.479,45.6933,0.5770000000000001,0.198,0.023,2.0540000000000003,5.778,85.20100000000001,0.08199999999999999,0.052000000000000005,0.321,1.042,30.726999999999997,103.03,1100.5174,4.5569999999999995,0.037000000000000005,33.335,41.313,0,0.057999999999999996,1.619,2.5839999999999996,2.281
