country,1980,1981,1982,1983,1984,1985,1986,1987,1988,1989,1990,1991,1992,1993,1994,1995,1996,1997,1998,1999,2000,2001,2002,2003,2004,2005,2006,2007,2008,2009,2010,2011,2012,2013,2014,2015,2016,2017,2018
Afghanistan,13248.4,12955.3,12662.2,12369.2,12076.1,11783.0,11876.3,11969.5,12062.7,12155.9,12249.1,13219.2,14189.3,15159.4,16129.5,17099.5,17698.4,18297.2,18896.1,19494.9,20093.8,21089.2,22084.6,23080.0,24075.4,25070.8,25817.3,26563.8,27310.2,28056.7,28803.2,29789.8,30776.5,31763.2,32749.8,33736.5,34600.2,35463.9,36327.6
Albania,2681.239,2738.3509999999997,2795.4629999999997,2852.574,2909.6859999999997,2966.798,3029.7290000000003,3092.66,3155.592,3218.5229999999997,3281.454,3246.51,3211.567,3176.623,3141.68,3106.736,3109.783,3112.83,3115.8759999999997,3118.923,3121.97,3113.4120000000003,3104.8540000000003,3096.295,3087.737,3079.179,3051.448,3023.717,2995.987,2968.256,2940.525,2937.09,2933.656,2930.2209999999995,2926.7870000000003,2923.3520000000003,2927.0879999999997,2930.825,2934.6
Algeria,19221.66,19863.63,20505.6,21147.57,21789.54,22431.5,23096.97,23762.45,24427.92,25093.4,25758.87,26358.65,26958.44,27558.22,28158.0,28757.79,29214.68,29671.56,30128.46,30585.35,31042.23,31463.73,31885.23,32306.73,32728.23,33149.72,33715.27,34280.82,34846.36,35411.91,35977.45,36727.57,37477.68,38227.8,38977.91,39728.02,40552.63,41377.23,41948.6
Angola,8341.289,8665.431,8989.572,9313.714,9637.855,9961.997,10339.27,10716.55,11093.83,11471.11,11848.39,12267.75,12687.11,13106.48,13525.84,13945.21,14435.26,14925.31,15415.37,15905.42,16395.47,17003.1,17610.72,18218.35,18825.98,19433.6,20218.13,21002.66,21787.19,22571.72,23356.25,24261.87,25167.5,26073.13,26978.75,27884.38,28880.76,29877.14,30840.2
Argentina,27951.94,28397.97,28858.28,29327.88,29801.62,30276.04,30755.44,31241.61,31728.1,32208.14,32675.96,33131.91,33579.73,34020.14,34453.81,34880.85,35299.19,35708.98,36113.69,36516.93,36921.68,37327.6,37732.73,38137.03,38540.62,38942.96,39341.37,39736.48,40132.95,40535.54,40948.95,41375.93,41813.07,42254.7,42694.99,43129.29,43559.05,43987.19,44739.1
Australia,14725.16,14957.45,15208.53,15415.55,15604.19,15816.31,16048.42,16297.86,16575.91,16846.8,17090.42,17309.82,17500.09,17661.79,17832.56,18034.56,18253.04,18447.62,18636.0,18842.42,19060.65,19303.86,19525.72,19749.49,19965.63,20214.91,20504.73,20877.68,21309.95,21736.76,22068.18,22390.94,22784.09,23172.29,23521.28,23862.62,24245.97,24650.62,25041.2
Austria,7550.406,7572.556,7571.651,7561.340999999999,7561.883000000001,7565.422,7570.559,7575.019,7587.566,7625.879,7686.108,7765.893,7851.161999999999,7911.411,7937.96,7949.475,7960.504,7968.81,7978.206999999999,7994.79,8013.911,8047.63,8086.536,8126.710999999999,8179.314,8234.445,8272.226999999999,8298.612,8324.873,8345.402,8366.344000000001,8395.763,8435.458,8486.813,8555.998,8657.143,8745.716999999999,8803.741,8852.6
Bahrain,339.6053,350.8385,362.0717,373.305,384.5382,395.7715,410.2122,424.6529,439.0937,453.6295,468.1652,481.00199999999995,493.8388,506.6756,519.5124,532.3492,551.9819,599.4025,666.0934,733.6783,630.5129,670.5334,710.554,764.5189999999999,823.7439999999999,888.824,960.425,1039.297,1103.496,1178.415,1228.5430000000001,1195.02,1208.964,1253.191,1314.5620000000001,1329.108,1348.412,1369.6470000000002,1391.9
Bangladesh,81470.86,83816.66,86162.46,88508.27,90854.06,93199.87,95797.62,98395.38,100993.1,103590.9,106188.6,108692.3,111195.9,113699.6,116203.2,118706.9,121281.7,123856.6,126431.5,129006.4,131581.3,133951.2,136321.2,138691.2,141061.1,143431.1,145174.7,146918.3,148661.9,150405.5,152149.1,153959.5,155769.8,157580.2,159390.5,161200.9,162915.8,164630.7,166346.0
Barbados,252.19400000000002,252.94,253.68599999999998,254.43200000000002,255.178,255.924,256.814,257.704,258.594,259.48400000000004,260.374,261.291,262.20799999999997,263.125,264.04200000000003,264.959,265.9366,266.9142,267.8918,268.8694,269.847,270.6794,271.5118,272.3442,273.1766,274.009,275.121,276.233,277.345,278.457,279.569,280.4986,281.4282,282.3578,283.2874,284.217,284.8872,285.5574,286.2
Belgium,9860.275,9857.884,9856.731,9854.896,9855.959,9858.455,9862.556,9871.604,9908.151,9940.218,9972.277,10008.87,10050.95,10088.51,10119.34,10138.37,10160.04,10184.0,10205.69,10229.58,10254.29,10292.36,10338.54,10381.21,10427.31,10486.81,10557.1,10635.99,10720.75,10807.35,10940.37,11047.67,11114.69,11164.77,11216.11,11283.43,11336.5,11381.02,11450.8
Belize,144.155,148.3082,152.4614,156.6146,160.7678,164.921,169.4472,173.9734,178.4996,183.0258,187.55200000000002,191.4342,195.3164,199.1986,203.0808,206.963,215.0334,223.1038,231.1742,239.2446,247.315,254.5074,261.6998,268.8922,276.0846,283.277,290.9432,298.6094,306.2756,313.9418,321.608,329.144,336.68,344.216,351.75199999999995,359.288,367.0318,374.7756,382.5
Benin,3717.165,3829.4320000000002,3941.699,4053.967,4166.234,4278.501,4418.5,4558.499,4698.498,4838.497,4978.496,5163.907999999999,5349.321,5534.733,5720.146,5905.558000000001,6097.637,6289.715,6481.794,6673.8730000000005,6865.951,7089.206,7312.46,7535.715,7758.97,7982.225,8225.632,8469.039,8712.445,8955.853000000001,9199.259,9474.598,9749.937,10025.27,10300.61,10575.95,10885.36,11194.77,11504.2
Bhutan,409.17199999999997,420.773,432.374,443.976,455.577,467.17800000000005,481.19800000000004,495.219,509.23900000000003,523.26,537.28,532.799,528.319,523.8380000000001,519.3580000000001,514.877,526.585,538.293,550.0,561.7080000000001,573.4159999999999,590.061,606.705,623.35,639.994,656.6389999999999,670.8389999999999,685.04,699.24,713.441,727.6410000000001,739.59,751.539,763.488,775.437,787.3860000000001,796.9580000000001,806.53,816.1
Bolivia,5579.935,5699.84,5819.745,5939.65,6059.555,6179.46,6316.536999999999,6453.613,6590.689,6727.766,6864.842,7016.340999999999,7167.84,7319.34,7470.839,7622.338000000001,7781.523,7940.7080000000005,8099.894,8259.079,8418.264000000001,8581.072,8743.881,8906.689,9069.498,9232.306,9395.563,9558.819,9722.076,9885.333,10048.59,10212.82,10377.05,10541.27,10705.5,10869.73,11030.39,11191.05,11216.3
Botswana,1001.158,1038.749,1076.34,1113.932,1151.5230000000001,1189.114,1226.874,1264.633,1302.393,1340.152,1377.912,1416.148,1454.385,1492.621,1530.858,1569.094,1600.943,1632.7920000000001,1664.642,1696.491,1728.34,1753.842,1779.345,1804.8470000000002,1830.35,1855.852,1887.655,1919.4579999999999,1951.26,1983.0629999999999,2014.866,2053.732,2092.598,2131.465,2170.331,2209.197,2250.511,2291.825,2333.1
Brazil,121050.8,123920.1,126858.5,129819.9,132756.0,135626.3,138433.8,141204.9,143943.7,146653.5,149335.8,151984.0,154597.7,157188.0,159765.9,162344.5,164938.9,167538.7,170115.8,172640.7,175090.0,177470.9,179798.2,182064.9,184263.3,186384.2,188415.9,190365.6,192255.4,194107.9,195941.8,197752.5,199528.2,201272.5,202988.9,204683.5,206368.9,208039.8,211056.5
Brunei,193.87900000000002,199.993,206.107,212.22099999999998,218.335,224.449,231.3034,238.1578,245.0122,251.8666,258.721,266.3996,274.0782,281.7568,289.4354,297.11400000000003,304.3242,311.5344,318.7446,325.9548,333.165,339.5548,345.9446,352.3344,358.7242,365.11400000000003,369.8204,374.5268,379.2332,383.9396,388.64599999999996,393.8982,399.1504,404.4026,409.6548,414.907,419.4214,423.9358,433.7
Bulgaria,8865.313,8894.732,8920.426,8942.34,8963.312,8957.88,8960.243,8972.583,8982.743,8849.556,8706.033000000001,8623.142,8526.339,8469.176,8439.546999999999,8400.729,8357.354,8304.851,8250.181999999999,8205.687,8164.996,7974.06,7829.246999999999,7767.781999999999,7709.7880000000005,7651.571,7593.935,7538.503000000001,7486.2,7438.773,7389.057,7343.052,7300.554,7260.255,7218.503000000001,7171.939,7121.331,7069.469,7019.3
Burkina Faso,6822.843000000001,7003.856,7184.869000000001,7365.880999999999,7546.894,7727.906999999999,7944.531999999999,8161.158,8377.783000000001,8594.408000000001,8811.034,9066.803,9322.571,9578.341,9834.109,10089.88,10393.49,10697.1,11000.72,11304.33,11607.94,11970.74,12333.54,12696.33,13059.13,13421.93,13858.59,14295.25,14731.9,15168.56,15605.22,16106.3,16607.38,17108.46,17609.54,18110.62,18669.17,19227.71,19786.3
Burundi,4116.817,4233.867,4350.917,4467.965999999999,4585.016,4702.066,4844.736,4987.406,5130.075,5272.745,5415.415,5524.744000000001,5634.071999999999,5743.401,5852.729,5962.058000000001,6049.7880000000005,6137.517,6225.246999999999,6312.977,6400.706,6605.223000000001,6809.7390000000005,7014.255999999999,7218.772,7423.289000000001,7692.017,7960.746,8229.474,8498.202,8766.93,9053.398000000001,9339.866,9626.334,9912.802,10199.27,10547.26,10895.25,11243.2
Cambodia,6692.107,6896.281,7100.456,7304.629,7508.804,7712.978,7965.0509999999995,8217.124,8469.196,8721.27,8973.341999999999,9309.385,9645.429,9981.472,10317.51,10653.56,10953.32,11253.08,11552.84,11852.59,12152.35,12375.92,12599.49,12823.06,13046.63,13270.2,13477.91,13685.62,13893.32,14101.03,14308.74,14550.52,14792.3,15034.08,15275.86,15517.63,15757.21,15996.78,16236.4
Cameroon,8621.405999999999,8911.286,9201.166,9491.046,9780.926,10070.81,10412.66,10754.52,11096.38,11438.23,11780.09,12144.07,12508.05,12872.03,13236.01,13599.99,13982.78,14365.57,14748.36,15131.15,15513.95,15957.84,16401.73,16845.62,17289.52,17733.41,18254.98,18776.54,19298.11,19819.67,20341.24,20932.67,21524.09,22115.52,22706.94,23298.37,23947.87,24597.37,24708.7
Canada,24470.71,24784.55,25082.95,25335.95,25576.73,25813.2,26067.49,26397.87,26751.47,27214.91,27632.36,27987.11,28324.15,28651.46,28960.06,29263.0,29569.88,29867.57,30123.88,30367.05,30647.4,30971.36,31308.65,31603.33,31901.24,32204.09,32529.37,32848.72,33199.42,33581.07,33958.34,34298.45,34664.84,35034.04,35392.41,35678.07,36051.76,36489.21,36994.4
Cape Verde,286.657,292.3394,298.0218,303.7042,309.3866,315.069,320.4318,325.7946,331.1574,336.5202,341.88300000000004,351.3318,360.7806,370.2294,379.6782,389.12699999999995,398.3174,407.5078,416.6982,425.8886,435.079,442.9766,450.8742,458.7718,466.6694,474.56699999999995,480.1304,485.6938,491.2572,496.8206,502.384,508.4898,514.5956,520.7014,526.8072,532.913,539.8,546.687,553.6
Cayman Islands,16.162,16.789,17.355999999999998,17.906,18.543,19.313,20.250999999999998,21.339000000000002,22.538,23.776,25.01,26.213,27.404,28.646,30.055,31.671999999999997,33.536,35.597,37.74,39.808,41.687,43.316,44.738,46.028,47.299,48.622,50.031000000000006,51.483000000000004,52.926,54.278999999999996,55.507,56.3982,57.2894,58.1806,59.0718,59.963,60.7484,61.5338,62.3
Central African Republic,2279.821,2350.703,2421.585,2492.468,2563.35,2634.232,2695.342,2756.4509999999996,2817.5609999999997,2878.67,2939.78,3022.377,3104.975,3187.572,3270.17,3352.7670000000003,3433.211,3513.655,3594.098,3674.542,3754.986,3829.571,3904.156,3978.74,4053.325,4127.91,4192.032999999999,4256.156,4320.279,4384.402,4448.525,4468.04,4487.555,4507.07,4526.585,4546.1,4621.058,4696.016,4771.0
Chad,4512.042,4627.94,4743.839,4859.738,4975.6359999999995,5091.535,5264.6,5437.665,5610.729,5783.794,5956.859,6165.632,6374.404,6583.177,6791.9490000000005,7000.722,7269.089,7537.456999999999,7805.8240000000005,8074.191,8342.559000000001,8687.449,9032.339,9377.229,9722.119,10067.01,10431.05,10795.09,11159.13,11523.16,11887.2,12311.64,12736.09,13160.53,13584.97,14009.41,14464.55,14919.68,15374.8
Chile,11439.9,11603.56,11765.5,11929.69,12100.28,12280.99,12472.64,12672.68,12878.9,13089.01,13301.79,13520.7,13746.13,13972.58,14194.3,14406.42,14609.19,14805.79,14996.88,15183.08,15364.4,15538.6,15705.9,15870.1,16035.14,16204.39,16377.59,16552.57,16728.99,16906.61,17084.58,17260.0,17433.76,17610.92,17796.29,17997.88,18232.45,18492.87,18215.1
China,1001920.0,1016446.0,1030737.0,1045353.0,1060872.0,1077969.0,1097450.0,1118778.0,1140451.0,1160924.0,1178836.0,1194029.0,1207421.0,1219576.0,1231055.0,1242312.0,1253222.0,1263498.0,1273250.0,1282606.0,1291648.0,1300264.0,1308414.0,1316265.0,1323997.0,1331751.0,1339480.0,1347096.0,1354648.0,1362188.0,1369776.0,1377486.0,1385267.0,1392988.0,1400509.0,1407738.0,1414805.0,1421755.0,1415610.0
Colombia,26900.51,27510.64,28120.78,28730.92,29341.06,29951.2,30581.48,31211.75,31842.03,32472.3,33102.57,33766.35,34430.12,35093.89,35757.66,36421.44,37063.14,37704.85,38346.55,38988.26,39629.97,40233.52,40837.07,41440.62,42044.17,42647.72,43162.72,43677.71,44192.71,44707.7,45222.7,45682.29,46141.89,46601.48,47061.07,47520.67,48193.11,48865.55,49423.7
Comoros,307.829,317.3306,326.8322,336.3338,345.8354,355.337,366.5884,377.8398,389.0912,400.3426,411.594,424.35400000000004,437.11400000000003,449.874,462.634,475.394,488.7866,502.1792,515.5718,528.9644,542.357,556.211,570.065,583.919,597.773,611.627,627.24,642.8530000000001,658.466,674.079,689.692,707.2384,724.7848,742.3312,759.8776,777.424,795.8594,814.2948,832.7
Congo-Brazzaville,1839.935,1897.5020000000002,1955.069,2012.636,2070.203,2127.77,2190.3070000000002,2252.845,2315.382,2377.92,2440.4570000000003,2512.217,2583.976,2655.736,2727.495,2799.255,2884.5490000000004,2969.844,3055.138,3140.433,3225.7270000000003,3324.23,3422.7329999999997,3521.237,3619.74,3718.243,3851.933,3985.623,4119.313,4253.003,4386.693,4508.484,4630.275,4752.066,4873.857,4995.648,5133.902,5272.156,5410.4
Congo-Kinshasa,26357.46,27062.66,27767.86,28473.05,29178.25,29883.45,30829.67,31775.9,32722.13,33668.36,34614.58,36010.81,37407.05,38803.28,40199.51,41595.74,42691.87,43788.0,44884.13,45980.26,47076.39,48611.41,50146.42,51681.44,53216.46,54751.48,56705.83,58660.19,60614.55,62568.91,64523.26,66857.94,69192.6,71527.27,73861.95,76196.62,78858.34,81520.05,84181.8
Costa Rica,2389.31,2457.495,2525.679,2593.864,2662.048,2730.2329999999997,2803.385,2876.538,2949.69,3022.843,3095.995,3178.9809999999998,3261.967,3344.954,3427.94,3510.926,3593.829,3676.7329999999997,3759.636,3842.54,3925.4429999999998,3989.923,4054.402,4118.8820000000005,4183.361,4247.840999999999,4307.329000000001,4366.816,4426.304,4485.792,4545.28,4597.794,4650.309,4702.823,4755.337,4807.852,4855.117,4902.383,4949.7
Cote dIvoire,8033.65,8410.56,8787.469000000001,9164.378,9541.287,9918.196,10319.53,10720.87,11122.21,11523.54,11924.88,12379.85,12834.83,13289.81,13744.79,14199.76,14650.74,15101.72,15552.71,16003.69,16454.67,16834.64,17214.61,17594.58,17974.54,18354.51,18790.2,19225.89,19661.58,20097.26,20532.95,21071.59,21610.23,22148.87,22687.5,23226.14,23856.57,24487.0,24946.4
Cuba,9835.177,9884.739,9934.302,9983.864,10033.43,10082.99,10182.81,10282.63,10382.44,10482.26,10582.08,10646.87,10711.67,10776.46,10841.25,10906.04,10954.98,11003.92,11052.86,11101.8,11150.74,11177.44,11204.14,11230.85,11257.55,11284.25,11294.01,11303.77,11313.53,11323.29,11333.05,11358.73,11384.4,11410.08,11435.76,11461.43,11468.24,11475.06,11481.9
Cyprus,512.3,522.845,524.623,531.518,538.3969999999999,544.605,550.888,556.5840000000001,562.693,572.655,587.141,603.069,619.231,632.944,645.399,656.3330000000001,666.313,675.215,682.862,690.497,697.549,705.539,713.72,722.893,733.067,744.013,757.916,776.3330000000001,796.93,819.14,839.7510000000001,862.0110000000001,865.878,858.0,847.008,848.319,854.802,864.2360000000001,868.7
Denmark,5123.267,5120.967000000001,5117.474,5113.755,5111.491,5114.335999999999,5121.599,5127.582,5129.581,5133.2970000000005,5142.322,5156.254,5173.681,5190.630999999999,5208.564,5237.786,5266.085999999999,5287.4580000000005,5306.558000000001,5323.854,5342.015,5361.1759999999995,5377.825,5392.34,5406.243,5421.438,5439.725,5465.026,5498.079000000001,5526.005999999999,5550.919,5573.058000000001,5594.335999999999,5618.007,5647.535,5689.425,5733.2,5769.031999999999,5787.2
Djibouti,358.96,372.291,385.621,398.952,412.282,425.61300000000006,458.57,491.527,524.484,557.441,590.398,598.396,606.394,614.3919999999999,622.39,630.388,647.827,665.2660000000001,682.706,700.145,717.584,730.7180000000001,743.852,756.9860000000001,770.12,783.2539999999999,796.832,810.4110000000001,823.9889999999999,837.568,851.1460000000001,866.4,881.653,896.9069999999999,912.16,927.414,941.9110000000001,956.408,970.9
Dominica,75.314,75.375,75.17,74.747,74.21300000000001,73.643,73.025,72.37,71.742,71.242,70.926,70.842,70.97,71.21,71.373,71.368,71.145,70.753,70.29,69.903,69.676,69.67,69.824,70.093,70.37899999999999,70.627,70.807,70.95,71.074,71.229,71.44,71.718,72.044,72.4,72.778,73.16199999999999,73.543,73.925,74.3
Dominican Republic,5803.927,5935.986999999999,6068.048000000001,6200.108,6332.168000000001,6464.229,6598.081999999999,6731.935,6865.7880000000005,6999.641,7133.494000000001,7270.645,7407.795,7544.946,7682.096,7819.246999999999,7949.661999999999,8080.076999999999,8210.491,8340.905999999999,8471.321,8596.508,8721.695,8846.883,8972.069,9097.257,9216.83,9336.402,9455.976,9575.548,9695.121,9812.433,9929.744,10047.06,10164.37,10281.68,10394.93,10508.17,10876.4
Ecuador,7989.186,8204.57,8419.955,8635.34,8850.725,9066.109,9299.074,9532.039,9765.004,9997.969000000001,10230.93,10475.79,10720.64,10965.5,11210.35,11455.2,11700.39,11945.57,12190.76,12435.94,12681.12,12910.07,13139.01,13367.96,13596.9,13825.85,14062.9,14299.96,14537.01,14774.06,15011.12,15251.3,15491.48,15731.66,15971.84,16212.02,16498.23,16784.43,16859.1
Egypt,43309.06,44499.0,45688.93,46878.86,48068.8,49258.73,50633.88,52009.03,53384.18,54759.33,56134.48,57374.39,58614.3,59854.21,61094.12,62334.04,63633.54,64933.04,66232.55,67532.05,68831.56,70169.96,71508.37,72846.77,74185.16,75523.57,76971.1,78418.63,79866.17,81313.7,82761.23,84697.5,86633.76,88570.02,90506.28,92442.55,94420.92,96399.29,99276.2
El Salvador,4580.704000000001,4649.335,4717.965999999999,4786.598,4855.229,4923.86,4990.085,5056.31,5122.534000000001,5188.759,5254.984,5326.21,5397.437,5468.6630000000005,5539.889,5611.115,5662.4169999999995,5713.719,5765.021,5816.3240000000005,5867.626,5899.893,5932.16,5964.427,5996.694,6028.960999999999,6056.094,6083.227,6110.36,6137.493,6164.626,6194.196,6223.767,6253.3369999999995,6282.908,6312.478,6345.795,6379.113,6412.4
Equatorial Guinea,255.325,276.0392,296.7534,317.4676,338.1818,358.89599999999996,372.486,386.07599999999996,399.666,413.256,426.846,442.45099999999996,458.056,473.661,489.26599999999996,504.871,526.7614,548.6518,570.5422,592.4326,614.323,642.9218,671.5206,700.1194,728.7182,757.317,796.0744,834.8318,873.5892,912.3466,951.1039999999999,995.961,1040.818,1085.675,1130.532,1175.389,1221.567,1267.745,1313.9
Ethiopia,35141.71,36243.8,37345.88,38447.97,39550.05,40652.14,42099.29,43546.43,44993.57,46440.72,47887.86,49719.88,51551.88,53383.89,55215.9,57047.91,58883.29,60718.67,62554.05,64389.43,66224.8,68249.1,70273.41,72297.71,74322.01,76346.31,78605.04,80863.77,83122.5,85381.23,87639.96,90279.06,92918.16,95557.26,98196.36,100835.5,103661.1,106486.7,107605.0
Fiji,635.255,650.5362,665.8174,681.0986,696.3798,711.6610000000001,715.0544,718.4478,721.8412,725.2346,728.628,738.002,747.3760000000001,756.75,766.1239999999999,775.498,782.643,789.788,796.933,804.078,811.2230000000001,813.3418,815.4606,817.5794,819.6982,821.817,829.4436,837.0702,844.6968,852.3234,859.95,866.3898,872.8296,879.2694,885.7092,892.1489999999999,898.7022,905.2554,911.8
Finland,4781.596,4803.0109999999995,4830.628,4859.304,4884.79,4904.321,4920.026,4933.742,4948.45,4966.874,4989.442,5017.556,5045.24,5069.313,5090.938,5110.049,5126.51,5141.713,5155.035,5166.931,5177.435,5189.731,5202.022,5214.693,5230.281,5248.467,5268.939,5291.661,5316.6269999999995,5342.01,5366.3330000000005,5391.521,5417.146,5442.045999999999,5464.071999999999,5481.475,5497.3009999999995,5509.441999999999,5520.3
France,55314.19,55624.99,55944.82,56223.01,56485.5,56749.29,57020.45,57306.86,57610.97,57924.77,58212.01,58495.57,58780.52,59022.42,59236.08,59444.61,59649.85,59856.7,60074.67,60400.09,60816.45,61257.27,61699.07,62131.68,62592.63,63058.35,63489.28,63871.39,64221.59,64543.12,64858.77,65165.14,65479.09,65953.86,66348.59,66570.8,66741.97,66880.4,67358.0
Gabon,729.159,749.3442,769.5294,789.7146,809.8998,830.085,854.5104,878.9358,903.3612,927.7866,952.212,978.997,1005.7819999999999,1032.567,1059.3519999999999,1086.137,1115.134,1144.131,1173.128,1202.125,1231.122,1265.5230000000001,1299.924,1334.3239999999998,1368.725,1403.126,1450.543,1497.96,1545.376,1592.793,1640.21,1698.203,1756.1960000000001,1814.1889999999999,1872.182,1930.175,1974.398,2018.621,2062.8
"Gambia, The",604.369,629.9144,655.4598,681.0052,706.5506,732.096,769.0384,805.9808,842.9232,879.8656,916.808,946.691,976.574,1006.457,1036.34,1066.223,1099.347,1132.471,1165.596,1198.72,1231.844,1274.316,1316.7879999999998,1359.26,1401.7320000000002,1444.204,1493.793,1543.382,1592.971,1642.56,1692.149,1749.237,1806.325,1863.414,1920.5020000000002,1977.59,2040.771,2103.951,2167.1
Ghana,11056.12,11401.62,11747.12,12092.61,12438.11,12783.61,13181.55,13579.48,13977.41,14375.34,14773.28,15221.43,15669.59,16117.75,16565.9,17014.06,17467.02,17919.98,18372.94,18825.9,19278.86,19786.01,20293.17,20800.33,21307.48,21814.64,22407.64,23000.63,23593.63,24186.62,24779.62,25393.54,26007.45,26621.37,27235.29,27849.21,28493.95,29138.7,29473.4
Greece,9657.086,9736.481,9797.423,9852.995,9901.726,9938.0,9971.741,10004.41,10042.26,10097.35,10215.76,10331.73,10407.04,10467.78,10518.68,10568.7,10613.92,10669.25,10727.33,10765.18,10813.36,10868.67,10905.46,10931.15,10958.83,10991.66,11024.27,11051.59,11082.07,11110.08,11121.85,11100.28,11034.66,10955.61,10883.81,10811.6,10774.03,10751.3,10672.6
Greenland,50.178999999999995,50.7812,51.3834,51.9856,52.5878,53.19,53.6728,54.1556,54.6384,55.1212,55.604,55.6454,55.6868,55.7282,55.7696,55.81100000000001,55.8838,55.9566,56.0294,56.1022,56.175,56.3302,56.4854,56.6406,56.7958,56.951,56.8884,56.8258,56.7632,56.7006,56.638000000000005,56.5858,56.5336,56.4814,56.4292,56.376999999999995,56.456,56.535,56.6
Grenada,89.005,91.1852,93.3654,95.5456,97.7258,99.906,99.1814,98.4568,97.7322,97.0076,96.28299999999999,97.0774,97.8718,98.6662,99.4606,100.255,100.5278,100.8006,101.0734,101.3462,101.619,101.885,102.15100000000001,102.417,102.68299999999999,102.949,103.2946,103.6402,103.9858,104.3314,104.677,105.1062,105.5354,105.9646,106.3938,106.823,107.32,107.81700000000001,108.3
Guadeloupe,330.17699999999996,335.376,340.575,345.773,350.972,356.171,362.11199999999997,368.05400000000003,373.995,379.93699999999995,385.87800000000004,389.29,392.702,396.11300000000006,399.525,402.93699999999995,407.279,411.621,415.962,420.30400000000003,424.64599999999996,427.62699999999995,430.608,433.59,436.57099999999997,439.55199999999996,441.785,444.01800000000003,446.25199999999995,448.485,450.718,450.658,450.598,450.538,450.478,450.418,450.02,449.62199999999996,449.2
Guatemala,7283.459,7474.779,7666.1,7857.419,8048.74,8240.06,8444.811,8649.562,8854.312,9059.063,9263.813,9492.748,9721.684000000001,9950.618,10179.55,10408.49,10656.94,10905.39,11153.84,11402.29,11650.74,11939.8,12228.86,12517.91,12806.97,13096.03,13402.91,13709.78,14016.66,14323.54,14630.42,14954.82,15279.22,15603.62,15928.03,16252.43,16584.11,16915.78,17247.5
Guinea,4511.902,4626.475,4741.048,4855.621,4970.194,5084.767,5276.031999999999,5467.298000000001,5658.563,5849.829000000001,6041.094,6407.11,6773.125,7139.142,7505.156999999999,7871.173000000001,8058.647,8246.122,8433.597,8621.071,8808.546,8982.786,9157.025,9331.266,9505.505,9679.745,9902.63,10125.51,10348.4,10571.29,10794.17,11053.64,11313.12,11572.59,11832.06,12091.53,12423.39,12755.25,13087.1
Guinea-Bissau,800.8539999999999,820.585,840.316,860.047,879.778,899.5089999999999,922.063,944.617,967.172,989.7260000000001,1012.28,1037.25,1062.22,1087.19,1112.15,1137.12,1158.34,1179.56,1200.79,1222.01,1243.23,1270.75,1298.27,1325.79,1353.32,1380.84,1415.85,1450.85,1485.86,1520.87,1555.88,1598.81,1641.74,1684.67,1727.6,1770.53,1816.56,1862.59,1908.6
Guyana,780.153,778.2094,776.2658,774.3222,772.3786,770.435,765.0098,759.5846,754.1594,748.7342,743.309,746.9054,750.5018,754.0982,757.6946,761.291,759.693,758.095,756.497,754.8989999999999,753.301,752.83,752.3589999999999,751.888,751.4169999999999,750.946,750.068,749.19,748.312,747.434,746.556,750.9476,755.3392,759.7308,764.1224,768.5139999999999,772.9676,777.4212,781.9
Haiti,5688.835999999999,5827.908,5966.979,6106.0509999999995,6245.1230000000005,6384.195,6527.302,6670.41,6813.517,6956.625,7099.732,7243.746999999999,7387.762,7531.776,7675.791,7819.806,7965.685,8111.563,8257.442,8403.321,8549.2,8692.041,8834.882,8977.723,9120.563,9263.404,9410.646,9557.89,9705.132,9852.374,9999.617,10141.91,10284.19,10426.48,10568.77,10711.06,10843.09,10975.11,11107.1
Honduras,3678.2859999999996,3798.867,3919.447,4040.028,4160.608,4281.189,4416.017,4550.845,4685.6720000000005,4820.5,4955.3279999999995,5106.073,5256.816999999999,5407.562,5558.307,5709.0509999999995,5872.097,6035.144,6198.19,6361.236999999999,6524.283,6694.111999999999,6863.941999999999,7033.771,7203.601,7373.43,7537.7,7701.969,7866.2390000000005,8030.508000000001,8194.778,8347.988000000001,8501.198,8654.408000000001,8807.619,8960.829,9112.517,9264.203000000001,9415.9
Hong Kong,4881.2429999999995,4978.247,5062.055,5139.122,5215.873,5298.043000000001,5386.455,5477.222,5567.704000000001,5655.368,5737.291,5810.302,5876.689,5942.420999999999,6013.483,6096.526999999999,6198.13,6313.158,6429.098000000001,6533.17,6613.469,6665.903,6698.808000000001,6721.668000000001,6744.106,6774.215,6811.175,6849.721,6889.456,6930.179,6971.474,7012.431,7053.424,7096.078,7142.028,7193.094,7251.078,7314.575,7436.7
Hungary,10711.54,10711.61,10704.19,10686.79,10665.42,10646.54,10628.2,10610.64,10594.52,10455.0,10373.78,10373.46,10368.26,10355.64,10341.69,10327.03,10308.74,10287.79,10263.28,10233.56,10208.3,10184.39,10154.54,10126.35,10104.75,10084.45,10070.07,10053.19,10036.38,10020.57,9996.446,9952.099,9917.471,9889.152,9863.743,9839.893,9809.908000000001,9785.567,9773.0
Iceland,228.262,230.926,233.59,236.25400000000002,238.918,241.582,244.2742,246.9664,249.6586,252.3508,255.043,257.5602,260.0774,262.5946,265.1118,267.629,270.1902,272.7514,275.3126,277.8738,280.435,283.3438,286.2526,289.1614,292.0702,294.97900000000004,300.0488,305.1186,310.1884,315.2582,320.328,322.311,324.29400000000004,326.277,328.26,330.24300000000005,332.44300000000004,334.64300000000003,338.0
India,701000.1,717475.8,734411.8,751664.2,769083.6,786550.8,804105.1,821821.0,839658.6,857573.2,875527.8,893522.4,911582.1,929714.1,947923.9,966227.8,984674.4,1003248.0,1021863.0,1040428.0,1058877.0,1077256.0,1095606.0,1113860.0,1131950.0,1149838.0,1167619.0,1185306.0,1202750.0,1219792.0,1236287.0,1252184.0,1267587.0,1282609.0,1297371.0,1311964.0,1326364.0,1340509.0,1355967.0
Indonesia,147881.9,151365.8,154904.3,158453.2,161966.4,165404.9,168770.7,172089.3,175366.0,178605.5,181811.7,184984.7,188121.8,191222.0,194285.2,197307.3,200272.8,203186.2,206074.2,208965.2,211880.8,214810.5,217741.0,220685.4,223658.2,226670.2,229717.1,232791.8,235899.8,239046.1,242242.5,245521.4,248871.4,252235.5,255553.9,258777.6,261914.9,264997.2,267130.2
Iran,38668.22,40403.12,42138.01,43872.91,45607.8,47342.7,49119.4,50896.09,52672.79,54449.49,56226.18,57096.08,57965.97,58835.86,59705.75,60575.64,61686.89,62798.13,63909.37,65020.61,66131.85,66989.84,67847.84,68705.83,69563.82,70421.81,71250.95,72080.09,72909.23,73738.37,74567.51,75526.11,76484.7,77443.3,78401.89,79360.48,80205.81,81051.14,81896.5
Iraq,13653.35,14044.12,14432.47,14815.66,15190.39,15555.8,15909.76,16257.07,16612.32,16994.95,17419.11,17889.46,18402.73,18955.09,19539.34,20149.34,20783.07,21439.57,22114.32,22802.06,23497.59,24208.18,24931.92,25644.5,26313.84,26922.28,27448.12,27911.25,28385.75,28973.16,29741.98,30725.3,31890.01,33157.05,34411.95,35572.26,36610.63,37552.78,39339.8
Ireland,3417.8,3458.05,3488.95,3513.65,3534.829,3537.091,3541.083,3538.755,3522.474,3510.0,3515.724,3537.5490000000004,3561.164,3577.9840000000004,3592.1929999999998,3611.647,3641.8709999999996,3678.974,3717.5229999999997,3760.48,3812.0759999999996,3874.607,3940.008,4004.6040000000003,4080.614,4171.975,4290.6320000000005,4413.647,4497.488,4538.888,4562.835999999999,4582.385,4602.095,4627.3240000000005,4662.710999999999,4708.039000000001,4762.597,4813.139,4862.1
Israel,3700.9190000000003,3767.7490000000003,3834.579,3901.408,3968.238,4035.0679999999998,4117.725,4200.3820000000005,4283.039000000001,4365.696,4448.353,4612.956,4777.559,4942.162,5106.764,5271.366999999999,5406.284000000001,5541.2,5676.116999999999,5811.033,5945.95,6062.656,6179.361999999999,6296.066999999999,6412.773,6529.479,6692.8730000000005,6856.266,7019.659000000001,7183.053000000001,7346.446,7472.855,7599.264,7725.672,7852.081,7978.49,8113.899,8249.308,8454.0
Italy,56445.23,56507.27,56548.42,56564.34,56579.62,56594.26,56595.74,56603.79,56634.27,56677.43,56725.46,56762.12,56803.13,56834.46,56843.65,56844.28,56864.3,56893.88,56907.33,56918.12,56946.75,56977.45,57076.89,57358.88,57732.68,57993.16,58163.92,58491.95,58870.2,59119.06,59299.23,59383.14,59576.1,60371.13,60790.76,60714.32,60617.98,60523.52,60544.3
Jamaica,2163.045,2198.1639999999998,2233.282,2268.401,2303.519,2338.638,2355.759,2372.88,2390.0,2407.121,2424.242,2446.882,2469.521,2492.161,2514.8,2537.44,2561.325,2585.21,2609.094,2632.9790000000003,2656.864,2674.426,2691.988,2709.5490000000004,2727.111,2744.673,2759.18,2773.688,2788.195,2802.703,2817.21,2828.155,2839.1,2850.0440000000003,2860.989,2871.934,2880.179,2888.4240000000004,2896.7
Japan,117933.5,118848.9,119712.4,120521.2,121273.0,121963.5,122583.6,123137.2,123640.4,124110.1,124560.2,124988.1,125385.0,125752.0,126090.8,126401.7,126679.7,126925.2,127146.4,127351.7,127548.9,127740.2,127920.2,128083.5,128224.3,128338.5,128429.1,128498.8,128542.9,128556.9,128537.3,128487.2,128408.4,128296.7,128147.8,127958.0,127728.4,127461.2,127141.2
Jordan,2374.422,2478.735,2583.047,2687.36,2791.672,2895.985,3028.9040000000005,3161.824,3294.743,3427.663,3560.5820000000003,3763.046,3965.511,4167.975,4370.439,4572.904,4678.9490000000005,4784.995,4891.04,4997.085,5103.13,5225.326,5347.522,5469.719,5591.915,5714.111,6007.767,6301.422,6595.079000000001,6888.734,7182.39,7577.772,7973.155,8368.537,8763.92,9159.302,9369.174,9579.046,9788.9
Kenya,16417.2,17109.17,17801.15,18493.13,19185.11,19877.08,20646.58,21416.08,22185.58,22955.08,23724.58,24533.32,25342.07,26150.81,26959.55,27768.3,28607.55,29446.8,30286.05,31125.3,31964.56,32896.62,33828.69,34760.76,35692.83,36624.89,37706.05,38787.21,39868.36,40949.52,42030.68,43200.21,44369.74,45539.27,46708.8,47878.34,49056.93,50235.52,50989.5
Kuwait,1368.6770000000001,1441.996,1515.316,1588.635,1661.955,1735.274,1807.2879999999998,1879.3020000000001,1951.316,2023.33,2095.344,1997.455,1899.567,1801.6779999999999,1703.79,1605.901,1693.745,1781.59,1869.434,1957.279,2045.1229999999998,2090.138,2135.153,2180.1679999999997,2225.183,2270.198,2414.535,2558.8720000000003,2703.21,2847.547,2991.884,3160.625,3329.367,3498.1079999999997,3666.85,3835.591,3922.587,4009.583,4156.0
Laos,3258.1440000000002,3344.095,3430.046,3515.9959999999996,3601.947,3687.8979999999997,3802.013,3916.1279999999997,4030.242,4144.357,4258.472,4377.162,4495.853,4614.542,4733.233,4851.923,4947.399,5042.875,5138.352,5233.8279999999995,5329.304,5414.249,5499.193,5584.137,5669.081999999999,5754.026,5852.476,5950.925,6049.375,6147.8240000000005,6246.274,6329.813,6413.351,6496.89,6580.428000000001,6663.967,6764.138000000001,6864.309,6964.5
Lebanon,2588.929,2601.542,2614.156,2626.7690000000002,2639.382,2651.995,2682.205,2712.415,2742.625,2772.8340000000003,2803.0440000000003,2948.111,3093.178,3238.2459999999996,3383.313,3528.38,3591.26,3654.139,3717.0190000000002,3779.8979999999997,3842.778,4013.975,4185.1720000000005,4356.369000000001,4527.566,4698.763,4749.623,4800.482,4851.342000000001,4902.201,4953.061,5268.984,5584.908,5900.831,6216.754,6532.678000000001,6591.231,6649.785,5952.5
Lesotho,1340.255,1377.43,1414.605,1451.781,1488.9560000000001,1526.131,1561.654,1597.1770000000001,1632.701,1668.224,1703.747,1742.717,1781.6870000000001,1820.658,1859.628,1898.598,1925.4389999999999,1952.28,1979.122,2005.963,2032.8039999999999,2025.4660000000001,2018.128,2010.79,2003.4520000000002,1996.114,1996.007,1995.901,1995.7939999999999,1995.6879999999999,1995.5810000000001,2008.269,2020.957,2033.645,2046.3329999999999,2059.021,2075.667,2092.312,2263.2
Liberia,1888.31,1949.16,2010.01,2070.86,2131.71,2192.55,2173.49,2154.43,2135.36,2116.3,2097.23,2092.48,2087.73,2082.98,2078.23,2073.48,2235.69,2397.9,2560.11,2722.31,2884.52,2959.86,3035.21,3110.55,3185.89,3261.23,3398.61,3535.99,3673.37,3810.75,3948.12,4058.42,4168.72,4279.02,4389.32,4499.62,4620.47,4741.31,4862.2
Libya,3219.466,3350.329,3481.192,3612.055,3742.9179999999997,3873.781,3986.357,4098.933,4211.509,4324.085,4436.661,4539.088,4641.516,4743.943,4846.371,4948.798,5030.617,5112.435,5194.254,5276.071999999999,5357.891,5446.036,5534.18,5622.325,5710.469,5798.6140000000005,5878.424,5958.233,6038.043000000001,6117.853,6197.6630000000005,6241.793000000001,6285.924,6330.054,6374.185,6418.315,6508.91,6599.505999999999,6491.3
Luxembourg,364.325,365.3188,365.5062,365.665,366.04900000000004,366.832,368.6412,371.0625,373.8125,377.65,382.4875,387.65,392.8187,398.1562,403.6063,409.3687,414.8813,420.1,425.3625,431.2563,436.975,442.1562,446.7062,452.4625,458.8788,466.14,473.5241,480.9445,489.8621,498.8538,508.1747,519.9731,532.4692,544.9396,557.9788,571.2649,580.2098,586.4232,592.5
Macau,238.118,247.2106,256.3032,265.3958,274.4884,283.58099999999996,295.6518,307.7226,319.7934,331.8642,343.935,352.2852,360.6354,368.9856,377.3358,385.686,394.1446,402.6032,411.0618,419.5204,427.97900000000004,438.895,449.811,460.727,471.64300000000003,482.559,493.441,504.32300000000004,515.205,526.087,536.969,549.7636,562.5582,575.3528,588.1474,600.942,611.1286,621.3152,631.5
Madagascar,8716.553,8985.940999999999,9255.33,9524.718,9794.106,10063.5,10370.52,10677.55,10984.58,11291.61,11598.63,11973.99,12349.34,12724.69,13100.05,13475.4,13933.68,14391.96,14850.24,15308.52,15766.81,16280.79,16794.77,17308.76,17822.74,18336.72,18899.71,19462.69,20025.67,20588.66,21151.64,21768.13,22384.62,23001.11,23617.6,24234.09,24925.43,25616.77,26308.1
Malawi,6250.44,6454.005,6657.571,6861.1359999999995,7064.701999999999,7268.267,7695.514,8122.76,8550.007,8977.253,9404.5,9492.483,9580.466,9668.449,9756.431999999999,9844.415,10105.28,10366.15,10627.02,10887.89,11148.76,11444.2,11739.64,12035.07,12330.51,12625.95,13008.68,13391.42,13774.15,14156.88,14539.61,14980.75,15421.89,15863.03,16304.17,16745.3,17222.23,17699.16,19199.7
Malaysia,13840.53,14179.78,14519.64,14871.16,15245.58,15654.21,16104.16,16587.17,17088.79,17594.27,18090.57,18576.14,19059.77,19546.94,20042.91,20553.56,21084.64,21631.62,22183.56,22729.21,23258.5,23769.37,24268.73,24762.24,25255.39,25754.3,26264.92,26782.55,27295.83,27793.23,28263.59,28701.38,29114.63,29515.03,29914.48,30323.4,30742.54,31164.95,32089.7
Maldives,154.0,160.0,166.0,172.0,178.0,184.0,190.4,196.8,203.2,209.6,216.0,221.8,227.6,233.4,239.2,245.0,250.6,256.2,261.8,267.4,273.0,278.0,283.0,288.0,293.0,298.0,303.6,309.2,314.8,320.4,326.0,332.4,338.8,345.2,351.6,358.0,364.0,370.0,376.0
Mali,7090.126,7238.479,7386.831,7535.184,7683.536999999999,7831.889,7958.549,8085.2080000000005,8211.868,8338.528,8465.188,8693.04,8920.893,9148.745,9376.598,9604.45,9877.098,10149.75,10422.39,10695.04,10967.69,11333.9,11700.12,12066.33,12432.55,12798.76,13254.03,13709.29,14164.56,14619.82,15075.08,15553.65,16032.21,16510.78,16989.34,17467.9,18031.16,18594.41,19157.7
Malta,318.028,319.936,331.85900000000004,329.189,331.99699999999996,340.907,343.334,345.63599999999997,349.014,352.43,355.91,359.543,362.977,366.431,376.43300000000005,378.404,381.405,384.176,386.397,388.759,391.415,394.64099999999996,397.296,399.86699999999996,402.668,404.999,405.616,407.832,410.926,414.027,414.98900000000003,417.546,422.509,429.42400000000004,439.691,450.415,460.29699999999997,475.70099999999996,477.3
Martinique,325.454,328.338,331.223,334.10699999999997,336.99199999999996,339.876,343.591,347.305,351.02,354.73400000000004,358.449,360.506,362.56199999999995,364.619,366.675,368.73199999999997,372.38599999999997,376.041,379.695,383.35,387.004,389.01300000000003,391.02099999999996,393.03,395.038,397.04699999999997,396.62,396.19199999999995,395.765,395.337,394.91,393.096,391.283,389.469,387.656,385.842,385.765,385.68800000000005,385.6
Mauritania,1534.08,1581.26,1628.43,1675.6,1722.77,1769.94,1821.98,1874.02,1926.06,1978.1,2030.14,2089.53,2148.91,2208.3,2267.69,2327.07,2403.53,2479.99,2556.45,2632.9,2709.36,2793.63,2877.9,2962.18,3046.45,3130.72,3226.49,3322.25,3418.01,3513.78,3609.54,3724.1,3838.66,3953.22,4067.78,4182.34,4302.63,4422.91,4543.2
Mauritius,966.0310000000001,975.9772,985.9234,995.8696,1005.816,1015.762,1023.783,1031.8039999999999,1039.826,1047.847,1055.868,1070.4289999999999,1084.99,1099.5510000000002,1114.112,1128.673,1139.9669999999999,1151.262,1162.556,1173.851,1185.145,1192.517,1199.888,1207.26,1214.631,1222.003,1227.193,1232.384,1237.5739999999998,1242.765,1247.955,1250.255,1252.555,1254.856,1257.156,1259.4560000000001,1261.9180000000001,1264.381,1268.3
Mexico,67967.02,69612.39,71264.75,72916.27,74558.79,76185.42,77796.68,79397.05,80987.2,82567.59,84139.39,85705.88,87265.92,88813.73,90343.42,91848.95,93326.09,94779.3,96217.02,97648.28,99077.16,100487.5,101878.4,103276.1,104707.7,106199.8,107767.5,109391.5,111040.6,112682.5,114291.5,115875.7,117451.5,119010.4,120543.4,122042.9,123510.2,124950.3,130955.8
Mongolia,1689.622,1736.0739999999998,1782.526,1828.977,1875.4289999999999,1921.881,1974.3339999999998,2026.787,2079.24,2131.692,2184.145,2206.924,2229.703,2252.481,2275.26,2298.0389999999998,2317.9179999999997,2337.798,2357.677,2377.5570000000002,2397.436,2423.238,2449.04,2474.842,2500.644,2526.446,2563.687,2600.927,2638.1679999999997,2675.409,2712.65,2765.495,2818.341,2871.1859999999997,2924.031,2976.877,3023.382,3069.888,3116.4
Morocco,20019.85,20523.35,21026.86,21530.37,22033.87,22537.38,23005.73,23474.08,23942.43,24410.78,24879.14,25318.36,25757.57,26196.79,26636.01,27075.23,27430.11,27784.99,28139.87,28494.74,28849.62,29183.91,29518.2,29852.49,30186.78,30521.07,30898.78,31276.5,31654.21,32031.93,32409.64,32888.38,33367.11,33845.85,34324.59,34803.32,35256.8,35710.28,36163.8
Mozambique,11630.19,11857.03,12083.87,12310.71,12537.55,12764.39,12808.97,12853.55,12898.13,12942.71,12987.29,13486.49,13985.69,14484.89,14984.09,15483.29,15929.01,16374.74,16820.47,17266.2,17711.93,18268.33,18824.73,19381.12,19937.53,20493.93,21101.46,21708.98,22316.51,22924.04,23531.57,24233.66,24935.75,25637.83,26339.92,27042.0,27884.69,28727.38,30589.8
Myanmar,34224.31,34974.87,35725.42,36475.98,37226.53,37977.09,38648.71,39320.33,39991.95,40663.58,41335.2,41848.48,42361.76,42875.04,43388.32,43901.6,44465.22,45028.84,45592.46,46156.08,46719.7,47165.75,47611.79,48057.84,48503.88,48949.93,49280.1,49610.28,49940.46,50270.64,50600.82,51016.8,51432.78,51848.76,52264.75,52680.73,53026.54,53372.36,53846.4
Nepal,14902.16,15266.52,15630.88,15995.24,16359.6,16723.96,17129.05,17534.14,17939.23,18344.32,18749.41,19278.8,19808.2,20337.59,20866.99,21396.38,21865.29,22334.2,22803.1,23272.01,23740.91,24120.79,24500.66,24880.54,25260.41,25640.29,25916.86,26193.43,26470.0,26746.57,27023.14,27349.77,27676.39,28003.02,28329.65,28656.28,28977.07,29297.87,29618.7
Netherlands,14164.5,14256.87,14319.41,14373.95,14431.62,14501.08,14582.99,14677.51,14771.38,14859.82,14966.25,15084.63,15197.92,15303.16,15393.16,15467.73,15539.65,15621.54,15720.46,15825.05,15940.9,16060.96,16159.84,16233.49,16287.72,16323.46,16349.07,16387.62,16455.64,16541.54,16625.5,16702.39,16761.11,16810.64,16873.94,16949.72,17043.11,17143.74,17248.9
Netherlands Antilles,173.0,174.8,176.6,178.4,180.2,182.0,183.8,185.6,187.4,189.2,191.0,190.8,190.6,190.4,190.2,190.0,188.0,186.0,184.0,182.0,180.0,181.2,182.4,183.6,184.8,186.0,189.0,192.0,195.0,198.0,201.0,202.4,203.8,205.2,206.6,208.0,208.8,209.6,210.4
New Zealand,3152.973,3173.3790000000004,3198.605,3226.0570000000002,3252.7009999999996,3276.708,3297.9790000000003,3318.72,3342.772,3371.421,3444.224,3515.325,3517.316,3557.84,3603.145,3655.1929999999998,3712.3190000000004,3765.1659999999997,3804.175,3830.005,3850.841,3876.325,3924.3559999999998,3998.65,4067.164,4119.126,4166.590999999999,4211.696,4248.376,4288.241,4335.4220000000005,4374.721,4401.456,4431.855,4486.002,4566.039000000001,4659.575,4759.503,4848.6
Nicaragua,3249.91,3341.7459999999996,3433.583,3525.4190000000003,3617.255,3709.091,3796.1859999999997,3883.281,3970.375,4057.47,4144.565,4238.098,4331.63,4425.163,4518.695,4612.228,4695.142,4778.055,4860.969,4943.8820000000005,5026.795999999999,5097.302,5167.809,5238.315,5308.821999999999,5379.328,5451.007,5522.686,5594.365,5666.044,5737.723000000001,5806.585,5875.448,5944.31,6013.172,6082.035,6148.941,6215.848000000001,6282.8
Niger,5988.904,6174.309,6359.713000000001,6545.118,6730.522,6915.927,7135.314,7354.701,7574.0869999999995,7793.474,8012.861,8305.756,8598.649,8891.544,9184.438,9477.333,9852.461,10227.59,10602.72,10977.84,11352.97,11806.07,12259.16,12712.26,13165.35,13618.45,14179.88,14741.3,15302.73,15864.15,16425.58,17119.86,17814.13,18508.41,19202.69,19896.96,20732.51,21568.06,22403.6
Nigeria,73423.63,75451.46,77479.3,79507.12,81534.95,83562.78,85892.72,88222.65,90552.59,92882.52,95212.45,97759.62,100306.8,102854.0,105401.2,107948.3,110815.4,113682.5,116549.6,119416.8,122283.9,125600.1,128916.3,132232.5,135548.8,138865.0,142792.7,146720.3,150647.9,154575.6,158503.2,163030.0,167556.9,172083.8,176610.6,181137.5,186137.9,191138.3,196164.0
North Korea,17472.1,17753.2,18034.2,18315.2,18596.2,18877.2,19160.4,19443.6,19726.7,20009.9,20293.1,20606.9,20920.8,21234.6,21548.4,21862.3,22075.7,22289.0,22502.4,22715.7,22929.1,23124.1,23319.1,23514.1,23709.2,23904.2,24041.7,24179.1,24316.6,24454.1,24591.6,24722.1,24852.5,24983.0,25113.4,25243.9,25363.3,25482.7,25602.1
Norway,4087.3,4101.542,4116.718,4129.913,4141.536,4154.184,4169.396,4189.751,4212.287,4228.454000000001,4243.562,4264.707,4289.592000000001,4315.197,4339.562,4361.877,4384.18,4408.267,4434.931,4466.059,4494.083,4516.33,4541.683,4568.005,4595.523,4627.523,4665.791,4716.157,4775.972,4836.094,4897.015,4961.282999999999,5026.748,5086.709,5144.5470000000005,5194.135,5240.468,5281.630999999999,5332.3
Oman,1154.377,1223.185,1291.993,1360.8020000000001,1429.61,1498.418,1561.1670000000001,1623.915,1686.664,1749.412,1812.161,1890.5839999999998,1969.007,2047.431,2125.854,2204.277,2217.016,2229.755,2242.495,2255.234,2267.973,2316.629,2365.284,2413.94,2462.595,2511.251,2617.288,2723.324,2829.361,2935.397,3041.434,3286.617,3531.8,3776.982,4022.165,4267.348,4435.204000000001,4603.059,4769.7
Pakistan,78054.34,80881.77,83709.21,86536.64,89364.08,92191.51,95282.79,98374.08,101465.4,104556.6,107647.9,110873.7,114099.5,117325.3,120551.1,123776.8,127490.2,131203.5,134916.9,138630.2,142343.6,145935.7,149527.8,153119.8,156711.9,160304.0,164128.1,167952.3,171776.4,175600.5,179424.6,183425.1,187425.6,191426.0,195426.5,199427.0,203720.0,208013.1,200770.0
Panama,1978.578,2026.7179999999998,2074.857,2122.9970000000003,2171.136,2219.276,2269.623,2319.969,2370.3160000000003,2420.6620000000003,2471.009,2524.7529999999997,2578.4970000000003,2632.242,2685.986,2739.73,2797.8540000000003,2855.9770000000003,2914.1,2972.224,3030.347,3090.3709999999996,3150.3940000000002,3210.4179999999997,3270.441,3330.465,3393.0159999999996,3455.5679999999998,3518.119,3580.671,3643.222,3708.427,3773.633,3838.8379999999997,3904.0440000000003,3969.2490000000003,4033.265,4097.281,4161.3
Papua New Guinea,3304.473,3402.522,3500.572,3598.6209999999996,3696.671,3794.72,3898.388,4002.0559999999996,4105.724,4209.391,4313.059,4429.302,4545.545999999999,4661.789000000001,4778.032999999999,4894.276,5029.865,5165.455,5301.043000000001,5436.633000000001,5572.222,5720.719,5869.217,6017.714,6166.210999999999,6314.709,6473.415,6632.121,6790.826999999999,6949.533,7108.2390000000005,7270.556,7432.874,7595.19,7757.508000000001,7919.825,8086.995,8254.165,8421.3
Paraguay,3181.625,3280.542,3379.4590000000003,3478.3759999999997,3577.2929999999997,3676.21,3785.651,3895.092,4004.533,4113.974,4223.415,4334.101,4444.786,4555.472,4666.157,4776.843,4886.115,4995.3859999999995,5104.657999999999,5213.929,5323.201,5423.38,5523.559,5623.738,5723.9169999999995,5824.096,5908.880999999999,5993.666,6078.45,6163.235,6248.02,6336.165,6424.311,6512.456,6600.601,6688.746,6777.504,6866.263000000001,6895.5
Peru,17359.12,17796.29,18233.46,18670.62,19107.79,19544.96,20001.3,20457.64,20913.98,21370.32,21826.66,22269.08,22711.5,23153.92,23596.34,24038.76,24413.98,24789.21,25164.43,25539.65,25914.88,26253.98,26593.09,26932.2,27271.3,27610.41,27963.06,28315.71,28668.35,29021.0,29373.65,29774.25,30174.86,30575.46,30976.07,31376.67,31763.77,32150.87,32538.0
Philippines,47522.14,48844.93,50203.48,51594.28,53013.63,54459.8,55939.06,57451.86,58988.03,60536.94,62089.58,63646.32,65213.1,66791.24,68381.84,69986.47,71607.62,73244.0,74891.05,76543.74,78200.51,79873.05,81561.14,83245.4,84905.99,86522.61,88080.82,89595.67,91095.86,92610.5,94167.65,95780.6,97429.29,99085.24,100719.5,102306.5,103842.7,105345.4,106710.5
Poland,35614.33,35939.52,36272.52,36615.1,36943.93,37236.53,37485.03,37692.11,37839.53,37980.75,38128.88,38261.95,38377.28,38472.23,38552.14,38598.6,38628.11,38652.24,38664.36,38414.68,38257.46,38248.66,38227.41,38201.08,38180.12,38163.35,38137.32,38119.33,38128.29,38065.25,38047.77,38063.38,38063.01,38034.62,38010.2,37981.61,37970.8,37978.84,37976.7
Portugal,9779.498,9859.439,9918.796,9962.364,10001.33,10025.37,10033.26,10028.83,10018.21,10002.75,9980.023000000001,9957.684000000001,9953.109,9967.104,9995.809000000001,10030.55,10069.01,10115.18,10166.81,10225.62,10300.12,10370.71,10425.87,10462.38,10486.56,10505.5,10524.87,10545.56,10559.39,10569.55,10573.0,10553.77,10507.96,10449.79,10394.5,10353.89,10321.48,10297.98,10260.9
Puerto Rico,3187.671,3224.073,3260.474,3296.8759999999997,3333.277,3369.679,3399.3379999999997,3428.9970000000003,3458.656,3488.316,3517.975,3552.308,3586.6409999999996,3620.975,3655.308,3689.6409999999996,3711.1079999999997,3732.575,3754.042,3775.51,3796.9770000000003,3790.6609999999996,3784.3459999999995,3778.03,3771.715,3765.3990000000003,3755.658,3745.917,3736.175,3726.434,3716.6929999999998,3708.1,3699.507,3690.914,3682.321,3673.728,3669.1040000000003,3664.48,3659.9
Qatar,223.632,253.0836,282.5352,311.9868,341.4384,370.89,391.9676,413.0452,434.1228,455.2004,476.278,483.7108,491.1436,498.5764,506.0092,513.442,529.2472,545.0524,560.8576,576.6628,592.4680000000001,647.0576,701.6472,756.2368,810.8264,865.416,1063.598,1261.78,1459.963,1658.145,1856.3270000000002,1998.204,2140.08,2281.9570000000003,2423.833,2565.71,2628.7790000000005,2691.847,2667.7
Reunion,509.265,519.1519999999999,529.039,538.925,548.812,558.6990000000001,569.076,579.452,589.8290000000001,600.205,610.582,623.174,635.766,648.357,660.949,673.541,686.175,698.809,711.442,724.076,736.71,747.688,758.665,769.643,780.62,791.5980000000001,799.382,807.166,814.951,822.735,830.5189999999999,837.0880000000001,843.6569999999999,850.225,856.794,863.363,869.998,876.632,883.3
Romania,22225.93,22370.87,22488.61,22568.79,22652.25,22744.4,22851.39,22963.02,23071.12,23173.94,23199.44,22953.38,22790.34,22759.47,22725.75,22677.24,22609.71,22547.01,22502.66,22467.9,22439.84,22057.35,21704.75,21561.03,21434.4,21304.02,21177.95,20821.1,20513.48,20349.29,20234.92,20134.64,20048.54,19974.6,19899.39,19801.86,19687.94,19573.28,19427.9
Rwanda,5140.715999999999,5336.594,5532.472,5728.351,5924.229,6120.107,6343.245,6566.383000000001,6789.521,7012.66,7235.798000000001,6974.254,6712.71,6451.166,6189.621999999999,5928.078,6347.603,6767.128000000001,7186.653,7606.178000000001,8025.703,8218.909,8412.116,8605.322,8798.528,8991.735,9242.757,9493.777,9744.799,9995.82,10246.84,10523.38,10799.93,11076.47,11353.01,11629.55,11921.08,12212.6,12504.1
Saint Lucia,117.98700000000001,119.6732,121.3594,123.0456,124.7318,126.41799999999999,128.7714,131.1248,133.4782,135.8316,138.185,139.9568,141.7286,143.5004,145.2722,147.04399999999998,149.025,151.006,152.987,154.968,156.94899999999998,158.30200000000002,159.655,161.00799999999998,162.361,163.714,165.4872,167.2604,169.0336,170.8068,172.58,173.5052,174.4304,175.3556,176.2808,177.206,178.0054,178.8048,179.6
Saint Vincent/Grenadines,100.505,101.2994,102.0938,102.8882,103.6826,104.477,105.0826,105.6882,106.2938,106.8994,107.505,107.6284,107.7518,107.8752,107.9986,108.12200000000001,108.0772,108.0324,107.9876,107.9428,107.898,108.0672,108.2364,108.4056,108.5748,108.744,108.8582,108.9724,109.0866,109.2008,109.315,109.34299999999999,109.37100000000001,109.399,109.427,109.455,109.7154,109.9758,110.2
Samoa,155.55700000000002,156.452,157.347,158.241,159.136,160.031,160.59799999999998,161.165,161.732,162.299,162.866,164.324,165.782,167.24099999999999,168.699,170.157,171.048,171.938,172.829,173.71900000000002,174.61,175.674,176.738,177.801,178.865,179.929,181.18400000000003,182.43900000000002,183.695,184.95,186.205,187.71599999999998,189.227,190.737,192.248,193.75900000000001,195.03099999999998,196.30200000000002,197.6
Sao Tome and Principe,94.949,96.686,98.42299999999999,100.16,101.897,103.634,105.6858,107.7376,109.7894,111.8412,113.89299999999999,116.4052,118.9174,121.4296,123.9418,126.454,128.8844,131.3148,133.7452,136.1756,138.606,142.0108,145.4156,148.8204,152.2252,155.63,159.4592,163.2884,167.1176,170.9468,174.77599999999998,178.9314,183.0868,187.2422,191.3976,195.553,200.0446,204.5362,209.0
Saudi Arabia,9691.476,10376.98,11062.48,11747.99,12433.49,13118.99,13741.95,14364.91,14987.87,15610.83,16233.79,16714.79,17195.79,17676.79,18157.79,18638.79,19043.8,19448.81,19853.82,20258.83,20663.84,21294.31,21924.78,22555.25,23185.71,23816.18,24537.24,25258.29,25979.35,26700.41,27421.46,28280.7,29139.94,29999.19,30858.43,31717.67,32336.91,32956.15,33448.6
Senegal,5583.165,5760.797,5938.43,6116.062,6293.695,6471.326999999999,6682.323,6893.319,7104.315,7315.311,7526.307,7759.079000000001,7991.85,8224.621,8457.393,8690.164,8911.678,9133.192,9354.706,9576.22,9797.734,10056.21,10314.69,10573.16,10831.64,11090.12,11407.72,11725.33,12042.94,12360.54,12678.15,13058.21,13438.27,13818.33,14198.4,14578.46,15011.55,15444.65,16310.9
Sierra Leone,3365.441,3452.263,3539.085,3625.906,3712.728,3799.55,3902.0890000000004,4004.6279999999997,4107.167,4209.707,4312.246,4304.7609999999995,4297.275,4289.79,4282.304,4274.819,4332.715,4390.61,4448.505999999999,4506.401,4564.2970000000005,4783.113,5001.93,5220.746,5439.563,5658.379,5818.446999999999,5978.516,6138.5830000000005,6298.651999999999,6458.72,6614.380999999999,6770.0419999999995,6925.703,7081.3640000000005,7237.025,7399.005999999999,7560.986999999999,7723.0
Singapore,2413.945,2532.835,2646.466,2681.0609999999997,2732.2209999999995,2735.9570000000003,2733.373,2774.789,2846.1079999999997,2930.901,3047.132,3135.083,3230.698,3313.4709999999995,3419.048,3524.506,3670.704,3796.038,3927.2129999999997,3958.723,4027.887,4138.012,4175.95,4114.826,4166.664000000001,4265.762,4401.365,4588.599,4839.396,4987.573,5076.732,5183.688,5312.437,5399.161999999999,5469.724,5535.0019999999995,5607.283,5612.253000000001,5693.9
Solomon Islands,230.607,238.6458,246.6846,254.7234,262.7622,270.801,279.0088,287.2166,295.4244,303.6322,311.84,321.317,330.79400000000004,340.27099999999996,349.74800000000005,359.225,369.9018,380.5786,391.2554,401.9322,412.60900000000004,424.0642,435.5194,446.9746,458.4298,469.885,481.466,493.04699999999997,504.62800000000004,516.2090000000001,527.79,539.7284,551.6668,563.6052,575.5436,587.482,599.445,611.408,623.4
Somalia,6359.13,6445.64,6532.16,6618.68,6705.2,6791.72,6912.84,7033.97,7155.1,7276.22,7397.35,7458.86,7520.37,7581.88,7643.38,7704.89,7966.21,8227.53,8488.84,8750.16,9011.48,9291.17,9570.86,9850.55,10130.2,10409.9,10738.6,11067.2,11395.9,11724.6,12053.2,12424.2,12795.2,13166.2,13537.2,13908.1,14347.5,14787.0,15226.4
South Africa,28653.28,29434.58,30256.21,31099.94,31947.24,32781.0,33596.04,34404.25,35218.11,36049.64,36914.08,37832.3,38791.92,39754.49,40680.34,41534.86,42315.39,43045.11,43736.12,44400.55,45045.38,45655.08,46226.81,46785.06,47355.71,47959.0,48586.77,49226.54,49887.58,50579.74,51314.54,52105.76,52944.26,53804.32,54659.27,55487.46,56293.99,57092.66,57473.2
South Korea,38115.13,38673.46,39245.07,39812.3,40357.35,40862.49,41317.12,41734.16,42135.31,42542.61,42976.23,43441.46,43924.37,44411.65,44889.72,45348.71,45796.51,46238.78,46664.41,47061.7,47419.98,47736.52,48018.62,48273.3,48507.92,48725.76,48913.64,49070.86,49218.84,49379.62,49575.55,49821.68,50101.6,50385.02,50641.0,50842.28,50985.7,51089.67,51184.7
Spain,37527.22,37789.44,38012.05,38191.87,38349.73,38484.93,38597.98,38696.51,38775.78,38834.13,38870.84,38987.62,39184.27,39385.57,39571.77,39745.13,39910.22,40078.91,40243.52,40407.7,40592.28,40896.63,41530.63,42277.59,43015.51,43742.36,44494.15,45337.34,46025.39,46393.87,46599.47,46761.58,46761.76,46593.08,46473.05,46443.65,46495.05,46609.54,46628.4
Sri Lanka,15035.86,15264.64,15493.43,15722.22,15951.01,16179.8,16409.78,16639.76,16869.75,17099.73,17329.71,17513.2,17696.68,17880.16,18063.64,18247.12,18354.08,18461.05,18568.01,18674.97,18781.94,18930.46,19078.99,19227.51,19376.03,19524.56,19659.32,19794.08,19928.84,20063.59,20198.35,20301.49,20404.63,20507.77,20610.9,20714.04,20788.04,20862.04,20936.0
Sudan,14507.47,15048.01,15588.56,16129.1,16669.64,17210.19,17797.67,18385.15,18972.63,19560.11,20147.59,20937.02,21726.45,22515.88,23305.32,24094.75,24730.8,25366.85,26002.91,26638.96,27275.02,28009.92,28744.81,29479.71,30214.62,30949.52,31668.62,32387.71,33106.81,33825.91,34545.01,35416.6,36288.19,37159.77,38031.36,38902.95,39892.21,40881.47,41583.8
Suriname,362.777,364.5156,366.2542,367.9928,369.7314,371.47,378.6704,385.8708,393.0712,400.2716,407.472,414.7224,421.9728,429.2232,436.4736,443.724,449.4572,455.1904,460.9236,466.6568,472.39,477.7012,483.0124,488.3236,493.6348,498.94599999999997,504.3774,509.8088,515.2402,520.6716,526.1030000000001,531.524,536.945,542.366,547.7869999999999,553.2080000000001,558.1168,563.0256,567.9
Swaziland,603.372,623.7146,644.0572,664.3998,684.7424,705.085,736.3426,767.6002,798.8578,830.1154,861.373,881.2568,901.1406,921.0244,940.9082,960.7919999999999,980.9272,1001.062,1021.198,1041.333,1061.468,1070.349,1079.23,1088.111,1096.992,1105.873,1125.267,1144.661,1164.055,1183.4489999999998,1202.843,1226.077,1249.31,1272.5439999999999,1295.777,1319.011,1343.068,1367.125,1391.2
Sweden,8312.389000000001,8321.136999999999,8325.819,8329.419,8338.110999999999,8352.324,8372.751,8401.875,8442.088,8501.482,8566.783000000001,8624.062,8674.053,8725.198,8789.654,8829.578000000001,8841.873,8846.453000000001,8851.811,8858.761999999999,8874.78,8899.252,8928.915,8962.59,8997.996,9034.117,9088.692,9156.801,9228.814,9309.056999999999,9387.487,9457.624,9528.504,9611.5,9708.921,9812.144,9941.103000000001,10073.33,10179.4
Switzerland,6335.2,6372.9,6409.7,6427.8,6455.9,6484.8,6523.4,6566.8,6620.0,6673.9,6750.7,6842.8,6908.0,6968.6,7019.03,7062.37,7081.39,7096.52,7123.5,7164.4,7204.055,7255.653,7313.853,7364.148,7415.103,7459.128000000001,7508.7390000000005,7593.494000000001,7701.856,7785.806,7870.134,7954.661999999999,8039.06,8139.630999999999,8237.665,8327.126,8419.55,8484.13,8563.6
Syria,8930.774,9274.346,9617.917,9961.489,10305.06,10648.63,11008.14,11367.65,11727.16,12086.66,12446.17,12826.04,13205.9,13585.76,13965.63,14345.49,14758.56,15171.63,15584.71,15997.78,16410.85,16787.6,17164.35,17541.11,17917.86,18294.61,18839.46,19384.3,19929.14,20473.99,21018.83,20562.06,20105.29,19648.53,19191.76,18734.99,18772.88,18810.77,18848.7
Taiwan,17682.93,18048.12,18395.1,18687.48,18964.7,19222.07,19435.85,19644.05,19868.4,20080.75,20309.53,20529.12,20728.8,20923.1,21109.45,21290.1,21462.4,21661.3,21858.95,22030.95,22207.57,22357.22,22477.6,22573.4,22657.58,22739.68,22836.88,22928.88,23010.0,23090.0,23146.25,23201.38,23281.88,23352.25,23411.5,23470.25,23522.0,23574.38,23621.3
Tanzania,18683.16,19313.93,19944.69,20575.46,21206.23,21837.0,22561.52,23286.04,24010.56,24735.08,25459.6,26359.84,27260.07,28160.31,29060.54,29960.78,30804.23,31647.68,32491.13,33334.59,34178.04,35224.54,36271.04,37317.54,38364.04,39410.55,40748.15,42085.76,43423.37,44760.98,46098.59,47654.86,49211.14,50767.41,52323.68,53879.96,55658.89,57437.82,59216.8
Thailand,47494.62,48449.73,49385.5,50308.41,51224.74,52144.43,53087.38,54044.78,54981.02,55859.86,56644.13,57307.39,57877.18,58406.1,58947.65,59551.62,60234.51,60961.53,61694.05,62392.98,63024.51,63587.95,64105.74,64586.48,65038.46,65467.38,65866.61,66233.09,66576.77,66908.11,67236.34,67562.83,67881.3,68187.45,68477.0,68746.69,68998.62,69234.71,69193.4
The Bahamas,210.66099999999997,215.4662,220.2714,225.0766,229.8818,234.687,239.0168,243.3466,247.6764,252.0062,256.336,261.0988,265.8616,270.6244,275.3872,280.15,283.698,287.246,290.79400000000004,294.342,297.89,304.1618,310.4336,316.7054,322.9772,329.249,335.5656,341.8822,348.1988,354.5154,360.832,366.0332,371.2344,376.4356,381.6368,386.838,390.8382,394.8384,398.8
Togo,2720.8390000000004,2827.27,2933.7009999999996,3040.132,3146.563,3252.994,3359.783,3466.573,3573.362,3680.151,3786.94,3884.357,3981.7740000000003,4079.19,4176.607,4274.024,4413.292,4552.561,4691.83,4831.099,4970.367,5112.947,5255.526999999999,5398.107,5540.688,5683.268,5847.205,6011.142,6175.079000000001,6339.015,6502.951999999999,6685.722,6868.491999999999,7051.262,7234.031999999999,7416.802,7610.3,7803.797,7997.3
Tonga,93.007,93.1962,93.3854,93.5746,93.7638,93.95299999999999,94.193,94.43299999999999,94.67299999999999,94.913,95.15299999999999,95.3376,95.5222,95.7068,95.8914,96.07600000000001,96.4772,96.8784,97.2796,97.6808,98.08200000000001,98.6738,99.2656,99.8574,100.4492,101.041,101.6602,102.2794,102.8986,103.5178,104.137,104.5824,105.0278,105.4732,105.9186,106.36399999999999,107.2986,108.2332,109.2
Trinidad and Tobago,1085.308,1102.432,1119.556,1136.68,1153.8039999999999,1170.928,1181.122,1191.317,1201.511,1211.7060000000001,1221.9,1228.52,1235.14,1241.761,1248.381,1255.001,1257.598,1260.194,1262.7910000000002,1265.387,1267.984,1273.774,1279.5639999999999,1285.354,1291.144,1296.934,1303.167,1309.4,1315.634,1321.8670000000002,1328.1,1334.4979999999998,1340.8970000000002,1347.295,1353.694,1360.092,1363.619,1367.1470000000002,1370.7
Tunisia,6374.039000000001,6565.15,6756.2609999999995,6947.371999999999,7138.483,7329.594,7512.174,7694.755,7877.335,8059.916,8242.496,8419.076,8595.657,8772.237,8948.817,9125.398000000001,9241.988000000001,9358.579,9475.169,9591.76,9708.35,9788.034,9867.719000000001,9947.402,10027.09,10106.77,10212.47,10318.16,10423.85,10529.55,10635.24,10744.18,10853.13,10962.07,11071.01,11179.95,11307.68,11435.42,11651.3
Turkey,44101.72,45114.12,46155.56,47206.36,48246.11,49257.37,50240.14,51206.0,52158.71,53102.0,54037.67,54959.72,55867.61,56771.05,57680.09,58604.03,59545.67,60498.57,61455.96,62410.94,63358.18,64300.43,65240.89,66176.14,67103.16,68013.08,68878.61,69708.64,70551.02,71454.75,72467.55,73614.27,74860.51,76154.14,77440.75,78684.48,79932.48,81203.25,82001.5
U.S. Virgin Islands,97.15212,98.368,99.58386,100.7997,102.0156,103.2315,102.9326,102.6337,102.3349,100.866,101.809,102.4805,103.152,103.8235,104.495,105.1665,105.838,106.525,107.21600000000001,107.912,108.61200000000001,109.40299999999999,110.02600000000001,110.74,111.459,111.47,113.689,114.743,115.852,107.34299999999999,106.405,105.78399999999999,105.08,104.76100000000001,102.008,97.94200000000001,97.37299999999999,96.815,96.8
Uganda,12442.33,12865.74,13289.14,13712.55,14135.95,14559.36,15118.36,15677.37,16236.38,16795.38,17354.39,17966.14,18577.9,19189.65,19801.4,20413.15,21060.56,21707.96,22355.36,23002.77,23650.17,24457.05,25263.94,26070.82,26877.7,27684.59,28633.3,29582.02,30530.73,31479.45,32428.17,33587.62,34747.08,35906.54,37066.0,38225.45,39728.56,41231.68,44370.6
United Arab Emirates,1019.5089999999999,1088.84,1158.171,1227.502,1296.833,1366.164,1458.618,1551.0710000000001,1643.525,1735.9779999999998,1828.432,1945.764,2063.095,2180.427,2297.758,2415.09,2558.885,2702.679,2846.473,2990.268,3134.062,3424.895,3715.7270000000003,4006.56,4297.393,4588.225,5380.578,6172.93,6965.283,7757.635,8549.988000000001,8692.57,8835.152,8977.735,9120.317,9433.606,9565.38,9697.154,9549.6
United Kingdom,56329.62,56343.69,56299.88,56331.88,56430.38,56569.31,56698.38,56817.5,56939.19,57097.12,57265.62,57453.81,57600.06,57733.69,57883.31,58040.88,58183.44,58334.81,58504.12,58708.81,58915.94,59146.25,59401.0,59678.75,60017.25,60461.69,60893.38,61382.94,61874.38,62327.25,62827.25,63330.94,63753.94,64173.0,64662.5,65178.81,65687.88,66089.75,66541.5
United States,227225.0,229466.0,231664.0,233792.0,235825.0,237924.0,240133.0,242289.0,244499.0,246819.0,249623.0,252981.0,256514.0,259919.0,263126.0,266278.0,269394.0,272647.0,275854.0,279040.0,282162.0,284969.0,287625.0,290108.0,292805.0,295517.0,298380.0,301231.0,304094.0,306772.0,309348.0,311663.0,313998.0,316205.0,318563.0,320897.0,323128.0,325511.0,327892.2
Uruguay,2915.389,2934.615,2953.841,2973.067,2992.2929999999997,3011.5190000000002,3031.135,3050.752,3070.368,3089.985,3109.6009999999997,3132.5370000000003,3155.473,3178.409,3201.345,3224.281,3243.3720000000003,3262.4629999999997,3281.554,3300.645,3319.736,3320.1490000000003,3320.563,3320.9759999999997,3321.39,3321.803,3329.297,3336.792,3344.2859999999996,3351.781,3359.275,3369.822,3380.369,3390.915,3401.462,3412.009,3424.353,3436.698,3469.3
Vanuatu,115.632,118.51100000000001,121.39,124.26899999999999,127.148,130.02700000000002,133.3484,136.6698,139.9912,143.3126,146.634,150.9542,155.2744,159.5946,163.9148,168.235,171.6006,174.9662,178.3318,181.6974,185.063,189.9244,194.7858,199.6472,204.5086,209.37,214.755,220.14,225.525,230.91,236.295,241.9566,247.6182,253.2798,258.9414,264.603,270.4692,276.3354,282.2
Venezuela,15343.92,15761.8,16185.89,16617.35,17057.79,17508.06,17968.55,18437.79,18912.53,19388.34,19861.95,20332.07,20799.08,21263.45,21726.35,22188.67,22650.1,23110.18,23569.46,24028.69,24488.34,24948.48,25408.7,25868.52,26327.22,26784.16,27239.17,27691.96,28141.7,28587.32,29028.03,29463.29,29893.08,30317.85,30738.38,31155.14,31568.18,31977.07,32381.2
Vietnam,54372.52,55707.89,57043.26,58378.63,59714.0,61049.37,62481.42,63913.46,65345.51,66777.56,68209.6,69607.48,71005.35,72403.23,73801.1,75198.98,76216.3,77233.61,78250.93,79268.24,80285.56,81090.22,81894.88,82699.53,83504.19,84308.84,85141.58,85974.31,86807.05,87639.78,88472.52,89492.32,90512.13,91531.95,92551.76,93571.57,94529.28,95487.0,96444.7
Yemen,8120.496999999999,8465.978000000001,8811.458,9156.938,9502.419,9847.899,10289.73,10731.55,11173.38,11615.21,12057.04,12709.76,13362.48,14015.21,14667.93,15320.65,15831.47,16342.28,16853.1,17363.91,17874.72,18416.37,18958.01,19499.65,20041.29,20582.93,21187.7,21792.47,22397.24,23002.01,23606.78,24268.66,24930.55,25592.44,26254.32,26916.21,27582.03,28247.85,28913.7
Zambia,5889.23,6102.4259999999995,6315.6230000000005,6528.819,6742.016,6955.2119999999995,7169.62,7384.028,7598.437,7812.845,8027.253000000001,8249.218,8471.183,8693.146999999999,8915.112,9137.077,9415.905999999999,9694.734,9973.563,10252.39,10531.22,10835.41,11139.59,11443.78,11747.97,12052.16,12411.73,12771.31,13130.88,13490.46,13850.03,14300.14,14750.25,15200.37,15650.48,16100.59,16616.32,17132.06,17647.8
Zimbabwe,7164.172,7463.109,7762.045999999999,8060.983,8359.92,8658.857,8963.708,9268.56,9573.41,9878.261999999999,10183.11,10410.56,10638.01,10865.45,11092.9,11320.35,11500.73,11681.11,11861.49,12041.87,12222.25,12365.81,12509.36,12652.92,12796.48,12940.03,13169.29,13398.55,13627.8,13857.06,14086.32,14424.54,14762.77,15101.0,15439.22,15777.45,16158.05,16538.66,16919.3
